,sigma_Cl,sigma_H,sigma_N,sigma_O,epsilon_Cl,epsilon_H,epsilon_N,epsilon_O
2,0.578186679897886,0.921428709570944,0.0784319014553549,0.608567824095011,0.411991019798706,0.363630818511453,0.961169879117752,0.729491349523304
429,0.480921733645324,0.858969564894554,0.849269412164173,0.446061925797396,0.631239899821571,0.914470784539397,0.00757377700884193,0.313455521418956
45815,0.459409834882825,0.862780525558138,0.821711762272835,0.498339666972699,0.483882537918068,0.546998715062986,0.0982467312415862,0.252802712345641
2060,0.307150481968674,0.707101800241391,0.550265997239091,0.596958749270673,0.517043848912022,0.490140966062961,0.656368714340112,0.402322575714349
8,0.505749493558632,0.908377083307419,0.483521156712802,0.520874766870167,0.73423997976709,0.112709601573505,0.78704861964317,0.647935136191463
63,0.883241171341656,0.987892966562812,0.566212206558221,0.429143869766317,0.0847683220122297,0.136648402490908,0.58886668722642,0.393796038833455
650,0.949596838140122,0.960341861003267,0.721957425818416,0.208831215006236,0.611561680619602,0.151381649700227,0.938191312929614,0.737499576128803
3589,0.801334179703742,0.97961715785733,0.958843278539918,0.164330186044657,0.919505164966038,0.968446834464735,0.0756134209339415,0.62438495681379
642,0.23699626239264,0.704766823035477,0.476626117021877,0.707753276343299,0.888236167617236,0.777903237363254,0.371026233432435,0.259426702334272
837,0.205409304733767,0.988349895459611,0.0599908712142316,0.79760875119009,0.0486749183085278,0.778456775546681,0.908488745475671,0.189694087922275
4347,0.356900056016197,0.752891800788748,0.633418132862506,0.451901888116815,0.254285899346419,0.805341966119254,0.639550448381658,0.950571761615634
4471,0.416365203616621,0.79602069871837,0.607244641861535,0.585873259421962,0.677673123798765,0.902636618009887,0.133906386851353,0.494508623404788
3220,0.219883865651378,0.690537007006533,0.544778877615947,0.710228259803419,0.632436841546894,0.587040594404036,0.0568188904894928,0.467790441213954
3135,0.0983972006760455,0.626368938839353,0.263946374556608,0.740940496676373,0.031565376834414,0.456040914623869,0.336492018554416,0.890262607349535
9333,0.206584842835437,0.686234627625725,0.624412934875513,0.58079301095492,0.559974795154989,0.523261498124538,0.399139244712018,0.743691943290193
5437,0.146337437046273,0.688896563941296,0.663272757777871,0.623199367150099,0.441252441816702,0.459270783956517,0.0364141573190193,0.655224147577188
4363,0.248502185035459,0.697942136084065,0.552651094790097,0.642626418733692,0.0891161331019807,0.563877693895927,0.187698667520962,0.49713268115459
2640,0.61421037271603,0.933276757578658,0.629147851597129,0.363012012521063,0.552829734027833,0.164420989595889,0.789913552154083,0.84023776236643
3141,0.172204598412555,0.655017677818043,0.055748406615613,0.836147382984112,0.575729997539053,0.476294470601009,0.494050440725379,0.638195931758408
4610,0.637365640475778,0.840928982074927,0.723088871933547,0.435722903912107,0.491802642144208,0.793545477654635,0.233096722688336,0.905409562709669
2844,0.903278957599748,0.954277141264088,0.758662967946158,0.271350091573707,0.326500782209623,0.325104349005774,0.516244746633481,0.923334958576432
2514,0.281420334981612,0.963593352311127,0.49146980942646,0.661265103943512,0.629962201593506,0.64337077217219,0.987645875303128,0.0200441250960992
367,0.586030154081452,0.83773231346668,0.693618794768607,0.36163845739703,0.283872496825242,0.847460664360085,0.747765310755572,0.538401481233152
12109,0.0847948965243243,0.818836842458909,0.714359822486178,0.435911388449799,0.284415658881842,0.671496600790567,0.422040818291313,0.959719450392287
755,0.523577953296433,0.812746558317993,0.73720713270926,0.63869031879527,0.220397280890104,0.857787751186685,0.122044026982902,0.0715561716985708
7319,0.551998933853051,0.927430539628503,0.504522348810224,0.664901620693877,0.856697698387484,0.0331874121544744,0.147535722107969,0.340122003449418
1427,0.321613308303207,0.943854506338039,0.49493004574013,0.52183005813078,0.945135863826544,0.148356383253572,0.650690563137822,0.806711956272759
5247,0.392738229357993,0.975191983283347,0.613169830492087,0.554352703671487,0.505503073287199,0.539750756901614,0.710251137661419,0.125328419319613
2995,0.826676099080343,0.932015158204519,0.16502237160389,0.563027628218461,0.073955172853614,0.231250597223781,0.855658279719966,0.773091536717594
5025,0.917293880858086,0.825291733904923,0.484714017838525,0.461247627120507,0.127605523641186,0.336655827829751,0.516551010239893,0.916203706638168
9137,0.328573934592824,0.970764815837935,0.56434127736924,0.560890408338256,0.752569921403964,0.0723161014737882,0.118086751114397,0.729838778585735
6015,0.337318599612857,0.970590239198593,0.30258185416478,0.748196906978372,0.756909957217201,0.332717981304917,0.528823939538415,0.0830089962223658
7810,0.722959965323719,0.784834664747371,0.601833572783339,0.536526378293245,0.113844834063012,0.454401760739106,0.0122075687574442,0.9871459363584
3404,0.13173254316458,0.627976297434559,0.0756991826630303,0.739826106509751,0.0943941085801423,0.705219928225303,0.87363027092456,0.995983886892613
20,0.095734449484993,0.976081718069951,0.419868919709168,0.724175811581051,0.168148553946792,0.82253277637891,0.582813714388127,0.0978797973304419
16897,0.713973988556279,0.831178789715315,0.38917264153489,0.591981146192382,0.434484612751398,0.261420476139295,0.357216843895772,0.802764606646196
5583,0.224797818275604,0.977023997329185,0.202948534276981,0.796742614119686,0.597201303751751,0.378820717103715,0.216213013385216,0.119815131898853
16642,0.587464910110291,0.975437121994531,0.906231424964573,0.386468854141874,0.244226218316382,0.661277699354705,0.0447281554612209,0.251862328986566
221,0.603595364766274,0.953156463105948,0.853316137475858,0.296425633836621,0.653131600945224,0.8119184883831,0.338217000490515,0.388909306601168
9424,0.66354827153416,0.729211782425353,0.557855210195839,0.522342253155834,0.703963379293454,0.825282088151219,0.606935459416526,0.488684543428588
10401,0.142953307327057,0.885044629139226,0.321399419095867,0.648416113764098,0.854929464727828,0.979596001504824,0.162712335524092,0.76092693694891
485,0.156967043980189,0.930576552953665,0.0025188187518257,0.648346972906596,0.619016306495479,0.768739539950873,0.95005505931245,0.907364642077232
8308,0.000590680560505057,0.773840591980918,0.0278640351617644,0.738561554427788,0.987099460226235,0.0782205181987249,0.707169131631783,0.897284683211281
138,0.324950277127855,0.979606178598616,0.213182800455093,0.721666863003269,0.342619068899195,0.945616430308115,0.939109503102403,0.152969051825564
1879,0.984933186868251,0.977041879889089,0.870150185953709,0.105586660327063,0.76255440269467,0.777158647914864,0.438578092246623,0.720889491630953
14834,0.351714491841513,0.883433034865014,0.748255909592451,0.476086090023128,0.469168493717918,0.681562875265474,0.0706282169562158,0.991681706646483
19110,0.280830971937068,0.745114972562458,0.618386778180417,0.447764872276026,0.146050970871107,0.422098101328556,0.796763301550178,0.956513639217544
207,0.0137832100947135,0.978350093501338,0.375797410779428,0.645712814662218,0.941160125074445,0.529937362177672,0.0304780222796614,0.841181854275381
4374,0.381757552875655,0.666391964971825,0.337941399946318,0.674714347030886,0.90193189931493,0.633299834328067,0.673745060394445,0.611449040114599
2205,0.571413335568626,0.744330537331211,0.660274294051523,0.441930201072893,0.00458190508856745,0.607787472966611,0.683229965935683,0.893315062830654
4145,0.46869262943054,0.92351666014083,0.618988071308905,0.468938058517324,0.427652542049715,0.236369426566849,0.310179414912588,0.971442855186224
8021,0.163324017679514,0.995195718454136,0.149180025943612,0.670699938687178,0.444817409043053,0.452820422595057,0.231324041162788,0.765018065886421
1549,0.362548026131044,0.980582641840285,0.116577276154342,0.764521571803957,0.343401470578444,0.540879722725776,0.8448947240897,0.0646705037138523
2154,0.269038878843284,0.80904945859789,0.63778903218376,0.546978861703952,0.170534992445394,0.932788312377443,0.53628266980062,0.318777198869321
711,0.624982215843568,0.891438850499464,0.842223386012886,0.378432613162865,0.694153214198997,0.961777836034716,0.0898313643707376,0.567851439731296
2800,0.100042063582324,0.914114112847595,0.103178822041897,0.845404496125256,0.0354748596818819,0.982421497966227,0.546648537510105,0.154292396539869
6890,0.634231510349818,0.742652840482108,0.538666575216124,0.56265512515083,0.637430157697077,0.89071997346316,0.0921797852930439,0.883068783486731
808,0.118343332876562,0.787626704302228,0.18433093865017,0.689425898619422,0.894830625010807,0.910492786259421,0.944102132110556,0.744630906897784
1018,0.12370437220551,0.998690818785325,0.234617952173953,0.650905676229357,0.305917876062229,0.717446486221701,0.126863621306619,0.984965085029226
15888,0.304946370772494,0.997952350741181,0.334717369982802,0.74127442602583,0.533033541732484,0.814182086430837,0.4037203669795,0.0879445149197761
12340,0.212001492014209,0.790889842561918,0.259083395602888,0.699783015798195,0.999847502343366,0.967116344869304,0.742270799370696,0.538240063240421
22934,0.866905645330474,0.746749146359229,0.33263293285928,0.625477754258295,0.392507930625168,0.24647732809065,0.631318877505301,0.65937645390315
7936,0.294257954099095,0.656869989110908,0.268838468940142,0.752287668307445,0.829880424635584,0.817287879824503,0.893896023788289,0.401795011234782
1898,0.161376595200226,0.940684003217722,0.0551080902694957,0.67382619056861,0.153248165523645,0.593587961087817,0.502681474181163,0.995824363376645
4487,0.101851813645845,0.778666124926628,0.553169434566588,0.618995521140469,0.790082668140078,0.692764109094466,0.208981815707646,0.71068182229658
2287,0.0153933359766055,0.887826669774867,0.423469409946798,0.687565871992693,0.97862859042065,0.780688414559387,0.106849763397668,0.374648662176807
174,0.0365480108917315,0.786704414840748,0.187293424606309,0.724918873766303,0.922177676817731,0.941064231001897,0.394658497456236,0.804879421332608
10010,0.286152257252671,0.675643136782009,0.55004878908944,0.609358353130054,0.252197405622689,0.479848080146314,0.0829058485227386,0.93909240907953
12567,0.567027477687553,0.862657719413337,0.221582277011217,0.62269302450565,0.501473022341104,0.033504100428153,0.967304714004068,0.659090466213292
94,0.233007664176289,0.934702450514123,0.45716826571241,0.581034960745657,0.901233375168928,0.698739179626186,0.812315068316085,0.385709851579891
8765,0.0312229883299829,0.987016606510004,0.0252165967614878,0.781696730340858,0.208238136869046,0.796686842277507,0.420933542369891,0.447500798114294
6130,0.301209910006231,0.980910117082131,0.527204112793924,0.730916793738532,0.399920682103562,0.328801716014324,0.326380946976991,0.0605007532129996
2931,0.755048209049004,0.917651418741925,0.680850768492857,0.329211500130583,0.820225968019406,0.155638568387204,0.64044173715858,0.746081679901186
3721,0.547477303931249,0.827540591493506,0.705378502257416,0.425140988947135,0.463694419344464,0.908389196699595,0.36104397093334,0.379302689774919
10228,0.499754122938314,0.889910423471845,0.646484805830886,0.413658049346271,0.461192338864357,0.489911072387251,0.682870124540542,0.934649835293421
6321,0.30185004764379,0.926315798814028,0.0461269118714966,0.634905538250309,0.701133120457918,0.613434854461164,0.327026201105781,0.85529562125893
1741,0.117348999603293,0.612335636132647,0.136994326574149,0.746605308743957,0.590464138347627,0.312204607963777,0.385119295167729,0.967616704730815
619,0.510982630557038,0.968539767991814,0.829566827822694,0.455181785333261,0.179924804116508,0.56689488144359,0.421333334831002,0.0577641522619194
789,0.189861277214357,0.779434949513892,0.360101062687127,0.631882377643293,0.94268425450143,0.0384195899940389,0.852521008271024,0.878271059959499
7461,0.0376834819088318,0.963678910525225,0.0844922040491085,0.734607666429947,0.36180111900782,0.664330028354439,0.378258772632766,0.834757859953788
5956,0.453847237337704,0.742464776366516,0.584820995959743,0.518413502014389,0.170424234573583,0.537299062031225,0.501287627602496,0.616018674781154
17020,0.474913281467606,0.948370087871515,0.0620852273122184,0.662841928872184,0.233307319301256,0.890701050891995,0.334293616295599,0.604974172084629
2229,0.0937204234405294,0.940712735866319,0.0453048087761852,0.737782282347678,0.524120284305463,0.0170372268134722,0.602322595447776,0.71728139052415
10863,0.0374214217470786,0.640850883196394,0.565990385976057,0.623272901792735,0.505139771686932,0.411106437094132,0.282844528395148,0.91439331101499
7761,0.725659262018985,0.831508042252847,0.777790019764526,0.503063215964302,0.0405988034456836,0.963967070185452,0.10971633164609,0.216712442236129
8940,0.117592427424462,0.984704960953813,0.0704457116220627,0.734288692979723,0.844130750411165,0.223995850099967,0.194848522407187,0.48664268591104
4545,0.917737669752244,0.926580628872314,0.855785524652797,0.23353449712009,0.264565572433337,0.998549979563458,0.0736744337450411,0.623148155444226
2856,0.859386410926177,0.843261213170848,0.812080081891436,0.264911073240615,0.864604571168262,0.950516677887778,0.0248374017673752,0.952676422556925
9465,0.317124389933692,0.989579201417444,0.135067969844841,0.616869214407597,0.223894674751906,0.414793791160484,0.736421902162875,0.940979966456846
17730,0.227952124131138,0.814911510374128,0.65569390851597,0.55245638046591,0.131255576675592,0.926463283516948,0.095730937519567,0.642289244593898
1694,0.417125244544075,0.958626871998857,0.106164095326135,0.704897770059857,0.105289689047589,0.897441980793384,0.708954087614179,0.357937942674616
8466,0.728032633489603,0.858080389187606,0.765886551327691,0.343583988927962,0.0526354926710066,0.676811572136716,0.558805777797931,0.817481020246872
14610,0.70859245095796,0.807265145850812,0.620119433501069,0.488395035618441,0.491027743836149,0.590147160681771,0.371210043357842,0.604788226668146
2689,0.243300976625682,0.763687293824896,0.176728569737708,0.741116893754102,0.445797570233044,0.161013282313617,0.436008754035519,0.760063534257159
4088,0.468512691190813,0.982006363013177,0.293073214838281,0.662635510139723,0.652350768469411,0.885237913389568,0.212836027948525,0.226994597936739
4205,0.231496203716365,0.885161043341836,0.56445574597082,0.552095285911713,0.579553137969052,0.240863955681191,0.11403974494292,0.963108807481315
13452,0.123683675039707,0.87902771533447,0.637629850038113,0.52235751794287,0.119706600975798,0.305005256288818,0.0300308102852815,0.996824838000345
13807,0.950484857759587,0.904784411049299,0.431778723243846,0.481508767453632,0.226459241671125,0.298384493442164,0.986342718010922,0.489906269427973
9756,0.480456705983769,0.767526699186004,0.466562289403555,0.575687104541277,0.634462152098874,0.715668236644685,0.755631598814091,0.594865915596295
7278,0.442618523341033,0.974365517383377,0.186029892012427,0.659429226586042,0.0238299598230497,0.787986502757465,0.170493838666639,0.709924994279371
14214,0.554266898734329,0.738723075664499,0.454118373009117,0.682296900336477,0.633778475534252,0.850432179536081,0.922977001417924,0.162214359428754
2808,0.0350049342892076,0.772182018186035,0.122869758092881,0.824629491401372,0.903744986700126,0.148865537093178,0.336873954064808,0.561708255075649
18992,0.886636364832276,0.657829034331417,0.297848145675438,0.574077797241311,0.576577429907824,0.432810245048115,0.978586039123311,0.669044794169459
10646,0.234960850990631,0.967433201560942,0.259129375417009,0.66275252470016,0.576949573882183,0.963488226044644,0.605105562866851,0.494471461585956
14383,0.374107179826874,0.923984303079487,0.724483836345053,0.543587499398889,0.420087838576486,0.359963184231421,0.0986770242421239,0.321136626059574
1745,0.585273826105823,0.996540667753265,0.67243893546344,0.391067783384533,0.349518394123162,0.0906166143882388,0.526949140896808,0.765086434390372
4241,0.476162488493608,0.8863057164776,0.460133569639781,0.628699269214966,0.371117315474937,0.135356388022853,0.0452864812551616,0.763632323013602
21392,0.325492886066159,0.571841223956497,0.303654989716337,0.667920957669805,0.36366400167487,0.570507002860866,0.867298364768379,0.971176324437812
20811,0.137698571019568,0.604259688892552,0.503875338448923,0.589447959467124,0.578457258942737,0.368054575191694,0.984341607551346,0.760818240012855
990,0.0072968604106584,0.998730697496507,0.291263633499458,0.738344748084391,0.551824965483505,0.465906932137725,0.0632399739212947,0.436821932600149
16110,0.591189764023565,0.710184703934179,0.226064765484288,0.66635230865162,0.800700706954338,0.365926007071249,0.245454020060963,0.664116711161853
6339,0.223744284181114,0.976274930150553,0.233135389019078,0.762596741024018,0.180057761560156,0.254958335424939,0.0918089406730744,0.442787934723823
9406,0.364755718037577,0.940040905502022,0.271669035060745,0.61155342415332,0.629574764830628,0.93686946429836,0.242179205544562,0.97793700740167
24707,0.65455603408375,0.760606123982524,0.561811441838017,0.583034270752017,0.782038854253951,0.423405004630601,0.360076206829813,0.470907037208831
316,0.0143003862566758,0.987277326403491,0.00931953835881862,0.844938566716693,0.52832951634084,0.619973486930957,0.759400683707187,0.17419318373432
6958,0.855332693226333,0.790374536354223,0.545130554764205,0.453489276164997,0.542817916693701,0.580503471470604,0.697440719133719,0.416760171768933
7231,0.02706588738704,0.926782061136611,0.345004395590874,0.712176132967387,0.952840672912404,0.130171612899304,0.122656968493634,0.569377972295635
186,0.20715808604019,0.942482565112668,0.595041615758054,0.719685724184121,0.0324746513119578,0.904357267383646,0.0125718247611115,0.0288376900673197
1887,0.22440293564266,0.880956992304684,0.540082740560048,0.488477754412857,0.601193393799922,0.558521723741894,0.976110037468914,0.689616393958454
9502,0.849181157369536,0.814718732565503,0.683764759951286,0.398485851189473,0.635478500447185,0.391193265803232,0.265570677541053,0.816408987280756
2726,0.976512932110929,0.998143575347839,0.664665232557566,0.32486862745835,0.23079689363078,0.612383890104088,0.43854205235983,0.296175426199319
6528,0.453912249745651,0.731662043134028,0.380516592346241,0.737108093848175,0.430346354922408,0.724149130574912,0.711876459456597,0.147181079866665
5964,0.21264799944408,0.7243457025057,0.533539128995733,0.557673389281314,0.103828845942725,0.798464684110507,0.500133588761379,0.758728412956166
3565,0.960418821157872,0.969686678568563,0.444281072621926,0.534293696567764,0.25470379811623,0.433737858964861,0.956553834134225,0.040652018302129
16546,0.323282321072887,0.665528678657948,0.158598206053621,0.721433660290835,0.436500712239301,0.212919526307117,0.963340973608688,0.803237390055226
5118,0.374362952423736,0.953279378976996,0.642206003281597,0.368535654349718,0.271516184998836,0.358477044256312,0.880138020815718,0.817246426881436
3639,0.403134928895064,0.741147792809431,0.280676705609122,0.791816584273731,0.628013051571355,0.502798463235912,0.846244649248226,0.150479253569097
3975,0.0464946242341876,0.88957606204518,0.601081581289058,0.56392234882962,0.542324274449142,0.808305051749229,0.0829430768092117,0.998531493651934
1675,0.606404935892858,0.98268557334015,0.726610499944943,0.311837787098967,0.579004117010887,0.691280857959307,0.754162186832221,0.472357697495223
4904,0.238106975499858,0.757731335611989,0.471117234251481,0.661853948896646,0.524811824585366,0.972248216223423,0.0144624297678047,0.592035589115493
23925,0.752387887127353,0.959795153576254,0.840387543546694,0.360245388103749,0.0545072015491376,0.732730306475548,0.0895839493413424,0.435446617694917
6513,0.136302717746499,0.982207345008453,0.142193766079782,0.818978183254399,0.0239060344307826,0.610671310976169,0.384787888786257,0.308486607201019
6244,0.14979270368076,0.99616813552423,0.4381012074229,0.714582525455934,0.661346257223362,0.529305984634828,0.129241571803415,0.193144045710778
448,0.098328200787831,0.963998745847955,0.35623250934179,0.640433342087483,0.715115637812726,0.188784453518814,0.0437816645255915,0.786610520827923
7537,0.41959496922017,0.762741352733335,0.555709701652978,0.517693337682224,0.454162673105073,0.860570750792971,0.789322419372069,0.321028156336989
91,0.0553753820505964,0.938328356927644,0.531313610443523,0.623987249417269,0.0546054806088411,0.820582081528176,0.184592919052342,0.393982708992498
20249,0.967094488078275,0.90738065893436,0.825621490693156,0.158382624958043,0.827392887808745,0.463221041864716,0.371749604445496,0.933694461678064
20822,0.155732724911877,0.970986532056589,0.417186205666823,0.64767393964329,0.963305645747749,0.196823964028223,0.448877741667456,0.486657311255799
6672,0.2388465424457,0.743472317659716,0.560307808446369,0.708624430153702,0.0165341463610329,0.706872209477838,0.362461634492477,0.15876134334233
2545,0.0793846804944456,0.709004681628432,0.0905787490978261,0.86991201277683,0.0518529238296746,0.690772715548647,0.443198527436223,0.461694395687476
5677,0.0733325483296042,0.853800062752794,0.386492766091965,0.612501450686249,0.946370705779969,0.213222258118428,0.527307319769485,0.987492725711218
3143,0.176390597402913,0.831512366524031,0.20676176364452,0.669753471567844,0.686974300480385,0.942337948070334,0.498446639207757,0.999890395067961
3062,0.793688411104905,0.83117954733741,0.552639661671272,0.417778541201468,0.932411279664177,0.18053708460294,0.805780084750399,0.471347744787245
18498,0.0944430326381194,0.778452248903647,0.547490652932715,0.547377052827375,0.417829408393014,0.886016290882401,0.578272973184681,0.681504143813865
14724,0.78247539439252,0.69996272185225,0.505536615992282,0.503421838187508,0.788476995390643,0.295023393045273,0.481975526362363,0.710921746115104
14090,0.211178675930552,0.943586714582958,0.386249457103214,0.758377624368135,0.569385233495338,0.384634354088725,0.78971161699471,0.0333547657905286
14076,0.568994910967311,0.729023034886075,0.704669262416389,0.511976742407453,0.24988000359823,0.905233006450115,0.0930748599559462,0.775121928684134
8988,0.390714481461959,0.768239759249408,0.284088534219596,0.550452782964719,0.629682730803643,0.0959583043700175,0.990271851143745,0.971540230318844
11917,0.777565622789521,0.727616935314193,0.591714566994752,0.523523353150441,0.461846127957153,0.4971406947454,0.219535827990921,0.880979190487507
16366,0.33275256509335,0.70115378228867,0.331375363922621,0.717110191284364,0.815600837164084,0.643554019711643,0.0271083356305216,0.874165352029902
8780,0.00663639640813482,0.831307992941076,0.181532347050226,0.675080274261477,0.836881622568254,0.74255958412187,0.793954015939088,0.946827686074707
16968,0.645523799700635,0.84932689848558,0.647242723589387,0.450335296117629,0.955040722637311,0.997452718764109,0.187292206932544,0.83439031059149
23600,0.208859325045874,0.666918872945383,0.223623141962137,0.798545076989055,0.494203415765214,0.909321331446328,0.371371308829206,0.28265219247407
484,0.389751676041496,0.931462569564515,0.400809959287937,0.524241814876393,0.261429791917311,0.0396812779570656,0.925140549733803,0.834665760948804
19217,0.232332724084738,0.902488901215516,0.00429964185880145,0.643136661380607,0.326297640300541,0.986240727824566,0.870289999774908,0.799830898386294
101,0.617168174228642,0.980340207257965,0.263629852280384,0.521112247680521,0.126754737020569,0.495813483681392,0.951863166260288,0.920979117814746
1138,0.000267961860686055,0.708200705578113,0.0506210450441369,0.907462512125813,0.365665807058148,0.905741541711922,0.807192470551674,0.237585518920794
3863,0.767497958484639,0.738111624081772,0.514641589990319,0.363676141103204,0.989696240510632,0.101558968993519,0.986924602594184,0.971597995529188
6674,0.367599502481205,0.933301108611375,0.625525012519406,0.529391987074939,0.651077425307792,0.592205002569767,0.339338797302759,0.514609351281537
8251,0.0520318688019405,0.923981585793027,0.0394943700332529,0.864751183435101,0.347328225467506,0.456831570466095,0.149778282832428,0.366312525583111
14045,0.415813217290439,0.949943239964876,0.0280072328321547,0.792865329022549,0.0476395555148688,0.414075566232479,0.622713222812243,0.285097619625825
10451,0.216114235794932,0.914697667996574,0.427254761097135,0.618933998969875,0.759143151401684,0.253031225458857,0.857594484140075,0.538173813561908
23981,0.219672165326248,0.978652124213974,0.163099427384068,0.741042925348278,0.443147801821585,0.904845381509632,0.112250203288632,0.449177186842377
1617,0.911387506456544,0.920597947267803,0.666858135451953,0.33303609007423,0.161658675736672,0.285314231281703,0.82787901366448,0.735429135488573
6014,0.254874043169565,0.897648995610106,0.00984739280227244,0.870077412470066,0.210351410948126,0.332556594555577,0.280775321883303,0.0698529176086142
991,0.141064620352422,0.995306917055294,0.269683383401758,0.668615330066752,0.896779347238487,0.823664870687112,0.396149778605506,0.474206430439155
24592,0.489341299035713,0.930071930041617,0.0992689790696664,0.746871141607745,0.66800827858482,0.00375556397681794,0.682114877946361,0.359916806212823
19887,0.365539650266383,0.958825926891596,0.384172596645001,0.747934670008145,0.449811760958489,0.0717054428365204,0.0564894687244417,0.336137694375206
12122,0.0734541618174527,0.884168222795231,0.190554818210116,0.812902311145277,0.830206693707295,0.249061196738767,0.419279021325913,0.282802885347727
9038,0.0757198145018802,0.856350714401778,0.00898451909544673,0.836493061077796,0.19913275678306,0.303025395044513,0.399322032893957,0.545696837953804
433,0.00624768402253516,0.885817114197294,0.322393781600747,0.747660880894303,0.532166349631246,0.980805034985295,0.192051267732337,0.334398822817606
1304,0.394242604309653,0.823308935338858,0.603201225593969,0.547489544416046,0.786780687434427,0.698997743685067,0.527749502894102,0.350753908541206
20198,0.665913816402111,0.961608156017567,0.209538627064277,0.6888816474105,0.186066083145718,0.266392508106775,0.942806785902891,0.167499669252793
1826,0.6840281486743,0.901867158360524,0.417437312577531,0.469795266072347,0.0446420933928534,0.229258092539558,0.776806826588849,0.903072717082087
19818,0.650766170288343,0.97922671049674,0.853897794263026,0.387358141541225,0.0737672958409764,0.313908644428716,0.0382257723847234,0.953312078308069
24791,0.360219225814678,0.972365966970948,0.116660219105374,0.732247899186779,0.607458028224269,0.659066377783188,0.665785531817556,0.218048880027202
3744,0.703835163306134,0.969868987553921,0.724101989673078,0.392163779880517,0.516160093422813,0.295534929019828,0.297068905914459,0.603683988151888
21930,0.0339090632291086,0.725011231243004,0.142446256834723,0.725395855313484,0.128223306996501,0.262771275593758,0.739580283016971,0.892165107331304
16868,0.390578661181174,0.873343206802167,0.266756844631612,0.76792316287416,0.764959229098137,0.250443462305805,0.0848807997821807,0.246886181073262
17737,0.00321532762474876,0.924983920742285,0.14095495863481,0.866344297760427,0.000723757393607582,0.986926810828266,0.0895877816735699,0.322125781979929
18751,0.50126838826209,0.793321026191417,0.725862242910407,0.633704461571449,0.614010692926748,0.615250219076391,0.174929985091376,0.167573658890956
66,0.0475506529150076,0.971139164494846,0.551116080224228,0.707735360241359,0.999926509148462,0.869840412396471,0.542033489620298,0.0258383449850942
10082,0.265486854381898,0.87167077690592,0.322072618551657,0.641162582166654,0.68317682810397,0.0179744538732175,0.498047217190284,0.707720453944101
8628,0.0257614041284187,0.661001783839633,0.0328063007303447,0.835603170086275,0.77910673039425,0.631527264574102,0.878381059005376,0.740107991178181
25089,0.909101224864271,0.95703137539458,0.317753730478397,0.51499822970714,0.0256291638580858,0.307269410127427,0.689058751515022,0.530753199182962
3963,0.277534155220931,0.909969249912828,0.211170957217428,0.718909862202933,0.0145117921853043,0.997899300292751,0.142202750794939,0.492371130229338
5659,0.237289785578891,0.705333436493553,0.30418585683166,0.82170799177586,0.273693769785643,0.982606310271049,0.841336390215215,0.0466681330345466
2618,0.552350382087002,0.962213871299501,0.276686307785933,0.612333197503561,0.008143421279203,0.390983863698018,0.408772901821722,0.894556261091716
464,0.464066016817261,0.930119640045637,0.30151723192212,0.618934772054692,0.696227506342939,0.979153140898974,0.961210297293557,0.608866963243802
3774,0.134276325738764,0.617827991682546,0.110759359090833,0.725967422794177,0.978072148936705,0.299947512277493,0.892558598873378,0.92226265266777
15030,0.550691773954677,0.767239198977808,0.425861256823722,0.561161559858094,0.896673432204199,0.872849487080032,0.61157393064666,0.845748040876045
1473,0.343571750854438,0.947781989777395,0.368326514551745,0.556482145211135,0.356894133368951,0.8031854376359,0.965545246401942,0.511330269665614
5040,0.237040855078811,0.995827805242295,0.527477932940496,0.58745074655461,0.924046613841916,0.584944513580701,0.102909744487318,0.589066940771209
67,0.0158302106566645,0.84102986218223,0.426662682748029,0.625375888509718,0.708467995425829,0.708007154016289,0.36457271344235,0.975992572987092
725,0.460893219272588,0.678238215425342,0.481411889801444,0.576868055647927,0.809670204953584,0.685318356196961,0.9530204434757,0.344802109914354
23692,0.475753739392365,0.748911838045449,0.507406578325044,0.643137252098166,0.0926653955087484,0.631738804055741,0.000197409996248351,0.800922365384961
26303,0.858424240860871,0.985968612873912,0.574704532734283,0.579807418714903,0.174828931445398,0.28283763016562,0.241761736211829,0.162695254562432
9854,0.0588135858592518,0.963945503261742,0.592605391481966,0.700468629319642,0.54375714805881,0.882304604868072,0.269785146230891,0.101920345680172
13566,0.258885944856311,0.939394386628523,0.253852557381763,0.697961572269764,0.402100843616347,0.119452409839806,0.121219952723868,0.679526505538087
6714,0.187233225555648,0.700261739609727,0.428473809081969,0.682509321952048,0.00128255206804361,0.714107548382897,0.0842879693680985,0.73942419629433
19423,0.341017009724043,0.749628531198765,0.415414610875749,0.801425318426307,0.310633828123576,0.540756371713162,0.215899373417294,0.195145765129806
40938,0.691390958690912,0.979961942238112,0.458667242765266,0.704652179332988,0.638304009659225,0.0632134078481383,0.280126572410616,0.112743073758724
14351,0.255186733036632,0.924832667078665,0.001654392985889,0.759770736961883,0.492140804320505,0.847167805151422,0.884064345440889,0.333544761946559
10205,0.284081297522593,0.920721647696457,0.470686694860296,0.562816933865262,0.393121228983617,0.0449747875339563,0.394467608633754,0.834457610069586
16623,0.00129325145580737,0.976409755063641,0.0916550732458863,0.693694121293415,0.72108053727366,0.12444752931557,0.46647267749517,0.981982944378771
2134,0.0376385055156459,0.850378010350639,0.451445867563042,0.649630814920336,0.99207090495887,0.571700989835384,0.996085042804498,0.386645814164564
5772,0.413706093596176,0.977956511548776,0.460834434779753,0.523799297532222,0.0298422829122054,0.0272915193884732,0.287489786652239,0.995673465985883
8301,0.842741356785078,0.842914622048591,0.748216367011716,0.367162340570595,0.0917147336737455,0.455011404855624,0.256699453139363,0.87360223543325
2280,0.803901866449152,0.834877476595836,0.674384212361481,0.451434041846219,0.0672676655601779,0.7785035843029,0.416225777135272,0.423219580435596
14924,0.155767317714591,0.868900534514732,0.87751187503947,0.483147187718467,0.0534635278675143,0.724405397327868,0.0537706592999573,0.72152885534346
8076,0.125485917254594,0.810722019615252,0.42880168987491,0.691205476686957,0.718270755107961,0.899466686209625,0.834141003608699,0.185064631200265
47888,0.565552565334142,0.921155062167597,0.982280965716487,0.273106844503091,0.763516352994984,0.946489535897791,0.215031435787733,0.212558147978128
22985,0.498180681328753,0.953757254553143,0.190661623903446,0.628980895264407,0.00619427449799675,0.0322985629372055,0.602385630833963,0.761930323924526
9438,0.221842650654107,0.956029473785082,0.730008368790275,0.417227848085588,0.337847794277503,0.397647738295855,0.243597595042436,0.828718247141231
35046,0.580818034791108,0.754073438626207,0.433998079756151,0.615892704142649,0.834948733883534,0.521414329872942,0.359320465403837,0.838998056005811
18367,0.90685235119908,0.812333758879685,0.191452799342611,0.641615002078456,0.0482821693812284,0.378973471536399,0.333531713377153,0.776625875809151
5829,0.230548524212878,0.997992332935107,0.434840078410817,0.666022524324063,0.820845587916461,0.644047314480044,0.539293797947334,0.174390696998098
250,0.687105807541981,0.851992770331359,0.654616873814317,0.408629254631189,0.842862655321477,0.0376942542775861,0.298668201871041,0.8948619761071
10295,0.172303515056972,0.730584649410126,0.526509955195377,0.560550002116601,0.727425759349925,0.624506090538989,0.650672263087729,0.954803670156696
43182,0.454741004945072,0.98775621712686,0.128693388138327,0.791990304680157,0.294570923602955,0.144552169495618,0.427766025112339,0.136840099343985
16927,0.867948623616723,0.575348423008017,0.320659594643045,0.615545096473408,0.0173162690718403,0.650146692001818,0.499722014172779,0.674214301265965
12052,0.297983786056079,0.853298536844545,0.669136747296468,0.499719520112982,0.421792598640747,0.967358611397509,0.423020505258821,0.59707664597672
4517,0.440444018179943,0.984383872834912,0.430088997199396,0.582836315152661,0.508737814922358,0.144585171422432,0.866037087016935,0.465947658107277
11442,0.328618025867661,0.869295522021712,0.0356460675023205,0.819223329954408,0.55116074103627,0.320347791629691,0.522413574512171,0.1987035811691
10144,0.164331250557034,0.701746965682466,0.49578880190478,0.679803422926909,0.241862966389914,0.714609310050991,0.786885771293767,0.251989839314682
19707,0.443891297130113,0.740082415014744,0.245729298054892,0.766053819923756,0.844064421260352,0.354599963755258,0.731606531631222,0.380371141079732
13783,0.373864581559577,0.858587225669647,0.759075149496733,0.479333148417518,0.0783120159681809,0.816294974045885,0.616221145725211,0.168247333537911
13502,0.356644927609868,0.651831071266044,0.242225624151926,0.710306178884658,0.552692221802765,0.38106605298485,0.584857355628643,0.913156544118229
11813,0.447176143088561,0.73553443034181,0.59032873450774,0.636775605917398,0.306291965089213,0.960575214699082,0.335908447103127,0.322214949164727
21473,0.720644089444957,0.785813778008343,0.654811740613025,0.4919988692223,0.830893987796071,0.503054853209586,0.0678458189136311,0.797050480701052
5850,0.257553007258855,0.867283763758586,0.0323970901140545,0.701716307502896,0.0810443496316164,0.325458126058982,0.945958548201672,0.810039385310866
17828,0.666958104564614,0.880544777045309,0.583597720865923,0.564145150543304,0.351395921249742,0.24622887133486,0.0936706936800741,0.476337361895572
10398,0.349134747226369,0.902855354321349,0.575564940373004,0.509341250034838,0.329050049891909,0.203130986673279,0.548497008887468,0.693967851972611
3909,0.0110801879608209,0.907112651492456,0.00984453393487019,0.758218774573903,0.636536865084977,0.154359685496275,0.199445322526764,0.735824369778975
18055,0.127557947752053,0.786382104830919,0.682741820808714,0.500600059607946,0.297546328055884,0.393580552654932,0.387476682325783,0.519817296000633
24094,0.4815686545157,0.948466814231807,0.210290640692568,0.647124690117083,0.521366566537236,0.580581931506258,0.176369909521823,0.839208447829987
1456,0.934895995017439,0.992619931762769,0.752519935821124,0.173324239872215,0.995010724968314,0.373633641607026,0.998016223994159,0.57266892735585
21227,0.712435140529314,0.998921115021956,0.815375095834194,0.322261155277328,0.81835265738362,0.334702119435578,0.0869948285313023,0.888095660886345
6510,0.0641773547200048,0.879907750711102,0.480603073800104,0.570677963375147,0.0860244759396244,0.919518449647523,0.26232599967547,0.814256111896275
41905,0.425734216769042,0.784275378599672,0.389360984634382,0.671108167747306,0.92909481344234,0.276807100239132,0.0809926544950426,0.549891323660595
21183,0.628973729049856,0.952668899303522,0.818514459446095,0.198134083603538,0.518743517491777,0.973824644961465,0.67394009845002,0.618472018200702
596,0.186826101592048,0.978402610006003,0.139711461153795,0.6812640407511,0.731835130516408,0.757376227832784,0.885127888722615,0.557231447132852
20786,0.754684359089164,0.636388711831242,0.177517383921367,0.659400253195117,0.269468346643049,0.722613526309911,0.653748055325438,0.89601883521448
15059,0.256146183695697,0.606168094798761,0.327129984143226,0.747122621376245,0.584868159537923,0.504488146486697,0.962492490618277,0.444244975969838
31447,0.27745221554969,0.985519158176751,0.285559851008177,0.670677662004699,0.876813484670282,0.128319779980265,0.889923417908059,0.355374616735797
22496,0.222531113682633,0.61379882732708,0.421117966801001,0.647228829823508,0.733727695358209,0.26221796644294,0.795006166856514,0.950690018524261
446,0.199627288840749,0.962244018250481,0.34930247213384,0.646201099094743,0.298389585430908,0.983036791565224,0.0604700963865041,0.692583329178339
33385,0.641892012371142,0.699511251354226,0.461605983971874,0.614381144931547,0.941191186204446,0.375090424466873,0.646860752802691,0.389673838879515
22098,0.992513835636528,0.963160525006529,0.840875818906372,0.168837871751499,0.587315926961306,0.215194385789732,0.198059254349973,0.949330980373031
38035,0.713891375153709,0.895787348508485,0.101627572557583,0.647230588037586,0.232651942516196,0.402021011514631,0.656457247037724,0.609745256886144
6480,0.119518189974521,0.756427892280667,0.489454039889697,0.742250951174727,0.455062445313027,0.759725790550964,0.112659188687027,0.241708945261704
16356,0.341054060860278,0.787771224291503,0.656932092700818,0.476991218152732,0.0833990314780303,0.476966056227216,0.633560212574038,0.38214489103351
41330,0.766545264736843,0.779951712242403,0.478758672707858,0.574012099314167,0.627961068654989,0.48163290004406,0.876053163478526,0.291838521252146
37134,0.733975450064682,0.98537886544955,0.430590325424047,0.576497741243779,0.21781173839645,0.0193096653525032,0.747749184991585,0.215508865817981
6841,0.671247991824117,0.637556786109904,0.329348000193102,0.575433286502659,0.906569902365884,0.473499334491854,0.600064191447518,0.736945686320345
8330,0.21905226079603,0.963788840619813,0.687983821934361,0.527359346725659,0.438742634671026,0.858241337451265,0.920467566316551,0.0572212688159348
22157,0.245121461124904,0.892538974451231,0.655259243368908,0.586312336534553,0.492724857149414,0.467711754268984,0.332036794249168,0.187953287871374
5779,0.884123449060019,0.745040088727279,0.795268911367137,0.366949826981644,0.237452435490695,0.89079132182727,0.245955602478019,0.925511841096289
12381,0.130983459788788,0.665002338665006,0.0203044989131098,0.871827280775336,0.107652109678197,0.457294448994514,0.849003644023717,0.493524599108061
8350,0.793350320923593,0.901379221847239,0.696524064539714,0.433179420215133,0.194431782086105,0.445373191304755,0.223294497790601,0.412210780570917
18100,0.5607550285185,0.873682026148004,0.447137301473879,0.507800510563033,0.842210146355119,0.949351351569041,0.855716693110378,0.429017110980317
32541,0.939644274735847,0.947691944865491,0.839248069679216,0.249896474894063,0.475034130362135,0.584628632395621,0.232445994974327,0.843444533204792
27906,0.413502241244604,0.688492153092946,0.451924609233412,0.61151495415409,0.426965515463786,0.444655326805838,0.823225979335512,0.756712438379129
16926,0.223301917859818,0.693394678755882,0.036952557363749,0.894400391535089,0.552462799701066,0.706165592948511,0.536368201078455,0.239829118806734
19910,0.428956623685942,0.788491716955318,0.151909912689424,0.796931641406202,0.451835313973022,0.402186684182514,0.402765930932281,0.336142909865449
34037,0.345299552705615,0.98768458706356,0.296617889764235,0.712839510308549,0.377299917282474,0.605142311002926,0.0193710975540373,0.329234145025523
45213,0.607833590961061,0.736828276674532,0.565784369140683,0.58517202983621,0.352717955175649,0.648044487389676,0.423962170244002,0.414684962416001
28828,0.620849708642515,0.944794367128808,0.152599848820438,0.54650947613839,0.435038832028641,0.853247001170012,0.631764703896418,0.910702386850686
6874,0.729305470961183,0.899173326239884,0.501506821085798,0.454262922228719,0.779026354817794,0.840850733350745,0.421351889642715,0.736445822783582
1842,0.0446170563064827,0.882500680831618,0.152310181086414,0.789376458110758,0.530181371903161,0.968411769584348,0.915236840364657,0.179121596802001
7096,0.116573210331727,0.805142388850986,0.239522964426621,0.838795821087968,0.657662680772585,0.208464699062623,0.0321018077436662,0.456766487347494
32520,0.789045222701979,0.937933720090767,0.49433249017013,0.428278329200985,0.0831156981617092,0.0329746883975445,0.49290334858837,0.807928430273089
29354,0.614055377012749,0.850467869844965,0.49431328372937,0.738777473587754,0.748498994344354,0.397439245359172,0.204132261792081,0.10530802187791
1391,0.501537166073634,0.947446499617119,0.706717698601763,0.488713495585475,0.682642617332208,0.676100382158921,0.033058262628417,0.606042258087019
28923,0.212770778255283,0.772641476128124,0.0332937492138504,0.769917432786807,0.870157444054651,0.146477490220052,0.811729806064051,0.533653052589157
30215,0.433226129688975,0.685485659777363,0.186984333124766,0.710187143095609,0.586939993807927,0.838516512273588,0.850251639149567,0.565527006769171
31361,0.0886641916831364,0.613221137666358,0.19944668500623,0.777283819495484,0.310035006036894,0.625849629039949,0.529590748131963,0.99832745998505
38074,0.514821468735618,0.780607652733894,0.717907413694326,0.565690825991223,0.0879761202426752,0.744109194510548,0.314411610772689,0.289068067367654
42183,0.932291272881335,0.756332371846458,0.613637885131589,0.315272359771909,0.87393625145039,0.270379368420072,0.702876959742253,0.985473595740213
14615,0.457766735906208,0.66873850323875,0.667548031449295,0.533899379228024,0.127954974138549,0.68378664644872,0.243029777025042,0.976733402743789
43695,0.96397362785173,0.94527389629933,0.69777090587739,0.347530415757221,0.136180624723617,0.985353305605231,0.311665089617721,0.404410661074088
23308,0.820167814780821,0.875813813336134,0.747886317882913,0.289605253280739,0.502037846668177,0.590426808266249,0.605765647464641,0.971099166206697
10996,0.501224090019729,0.976714940954677,0.469555867922509,0.69051274415583,0.325635938298882,0.930788043250656,0.578506851245303,0.0299269709281031
12506,0.901548826137982,0.931869720467279,0.84771021193207,0.164640969393128,0.334951443515849,0.909701507462771,0.571012267436649,0.74933751903208
29297,0.240346193878574,0.744930395335502,0.553680789476977,0.55383801366193,0.27432749142567,0.583714294371967,0.95728975502157,0.430940916351144
8072,0.159670331472906,0.723574652155125,0.366088932317761,0.653586775037285,0.970967816554319,0.805466411150503,0.718393850291873,0.803547040535564
25207,0.183547419784139,0.731516123078144,0.267600697848185,0.743833179075565,0.986306941402672,0.23121302153425,0.140723184995599,0.771403532215274
41358,0.902697824225847,0.982581545516755,0.559485834662851,0.433641363403706,0.416310851342363,0.252854452039285,0.783271777250187,0.159050485919856
32927,0.575302985765833,0.952204501735281,0.0171149077443371,0.707372063485483,0.146466381647693,0.556219444247784,0.774735618673742,0.42139250895845
13002,0.929395481532975,0.895073573536344,0.683278564124271,0.220364332171016,0.884650740802235,0.527251706595844,0.668925476218235,0.819405985179792
10867,0.359442988991392,0.813440521920216,0.336996512842085,0.584539659527383,0.792630145896667,0.987712534755177,0.853938323431824,0.925679021533896
8651,0.625752936396437,0.869852324243702,0.61178107931456,0.378036996533226,0.390156083420882,0.560733416491204,0.933303457184726,0.483733047575094
21598,0.336314740969769,0.713966690140346,0.256663848579036,0.755898767843802,0.6209616258684,0.485552901839002,0.302540634567691,0.577895356441687
18730,0.173275633077712,0.976488286574193,0.320997856987964,0.604817957013163,0.555299412230602,0.0873689540478202,0.228736277095846,0.948851600433823
18129,0.215238045776563,0.842990068707868,0.218149142377209,0.653509201107106,0.91140418273787,0.658185955525128,0.136697408290176,0.97333781205171
48249,0.900807421774603,0.847061660968923,0.571024044173912,0.472913347552957,0.0373557079706333,0.503160861343023,0.329332564679718,0.553069513811986
3534,0.354040497700747,0.988581802082606,0.310943706874106,0.602885083571709,0.509842050393567,0.641093127488073,0.867939807562495,0.784248520475396
21574,0.325666810825919,0.82386586066967,0.106575774901106,0.63441019438037,0.901926894000153,0.856531200333735,0.586556546187488,0.88872263177736
51708,0.60980297880326,0.785653242510303,0.398888163885559,0.600922657775726,0.939434853485131,0.132738592139657,0.682414822717168,0.681385016852168
18172,0.913203043779761,0.963363417964731,0.621362044852231,0.33650582921664,0.0262677701466134,0.206148557287883,0.30391638624042,0.723191124902549
3545,0.130884016222709,0.911260659638891,0.310335410206171,0.637965633258702,0.982166051442389,0.547976580173778,0.430816035871459,0.760391384742489
497,0.00134347891728293,0.804806609535971,0.200545696587855,0.82166483198463,0.7343078905529,0.937710538152851,0.458574533429112,0.243946034355385
2563,0.0410965786295626,0.89956589430708,0.0953413650197053,0.766740195892337,0.0200412937589168,0.882949463464125,0.0454206379076632,0.753904209277812
4373,0.118957248623294,0.923633555200682,0.546051008787591,0.694312040736669,0.558943068627106,0.610836434441424,0.565082593296591,0.0397475021907472
3557,0.0821960648692768,0.862422354771823,0.00040169274147304,0.710261152276721,0.268099959376053,0.585341942004904,0.866850109267636,0.873784514088394
6448,0.579016957381039,0.930283042747613,0.370543940359894,0.585739873926363,0.515734002729852,0.983096593299384,0.120945942450705,0.64613196866094
34109,0.269812244998413,0.719004787446224,0.281979767331744,0.775805422164193,0.000422748499909889,0.822493612409737,0.594372223658469,0.226148079025082
10529,0.00255169661390956,0.984887644330421,0.0172923267774018,0.815108847735891,0.911266186129809,0.116115626055677,0.600976312517946,0.43640369645949
31269,0.823728160400092,0.625265643316784,0.585376897545713,0.493054474127816,0.614750379887551,0.708073681426433,0.385523941144022,0.772101429588004
161,0.100800179853444,0.886776763269413,0.329272882135642,0.792107893894518,0.0184481009462795,0.797595901375471,0.0965501627372417,0.177604256580178
4602,0.0427768746631889,0.935157633823293,0.178517361242288,0.712325199220124,0.987677604089038,0.0172160478769048,0.807310745015357,0.605585247560455
48683,0.475618734542158,0.987159656729105,0.0741331720351808,0.616366652549387,0.193340157791167,0.853614109684877,0.980482022604061,0.510963552339277
3119,0.898401779979788,0.986858602260773,0.714459868641414,0.286537878055039,0.404166357366931,0.49707831161438,0.707713503821713,0.446701033882537
5819,0.837623941198952,0.964905931091743,0.625487328489276,0.520208162621212,0.177848999232272,0.815334795503652,0.321605099508856,0.131869796417288
22896,0.414577016522062,0.898032849609882,0.938152544524867,0.528918070508737,0.262481741563079,0.790617291834788,0.0152208648558263,0.027862956796667
45720,0.796517354739043,0.935105006844914,0.560643594594378,0.533217112686796,0.717110666622496,0.0540713792479123,0.33238303225034,0.424226215528212
53467,0.762517448036702,0.793806070637882,0.0671939268959582,0.7576510234762,0.118840574114922,0.419525463208955,0.445765039155318,0.403857958083723
18944,0.497754653355544,0.866724073779699,0.517905646883461,0.594220259160931,0.451059520673208,0.520408340482814,0.18245298228382,0.665104118684991
17364,0.421646505452372,0.975567089939647,0.386869609841848,0.720971829199053,0.0521446772585071,0.739020152845307,0.831488826757706,0.0634846325358742
13412,0.00815860044568003,0.932431364933643,0.089930757568904,0.90576493792304,0.195633802888455,0.888598034182239,0.970379866348905,0.0763807698656065
39356,0.966126391229759,0.862829909218959,0.706629918436543,0.0959871331583026,0.960358914743019,0.736133851624959,0.995762803918787,0.901162888439053
4047,0.0113076620525411,0.714632310806215,0.381308514336801,0.722492200419371,0.534738886808568,0.946228383923373,0.0958466771631628,0.843754097142437
50055,0.700515124595668,0.759320584737687,0.67192503887039,0.533093791849753,0.105026209585947,0.687264480877714,0.16278283477708,0.559815892690306
9928,0.710767211932937,0.577526542890318,0.441937251992526,0.590579805926824,0.359700389740732,0.904964609046305,0.625378474262443,0.960743438630161
23028,0.677227472277146,0.938484510225603,0.671006449927093,0.33885568474301,0.204115128043327,0.745972676514981,0.851676815335932,0.278754682521567
1554,0.020711682856475,0.902174175855223,0.335214041313496,0.677998440668263,0.135780466678662,0.545952928349501,0.0788765820673282,0.778862932439366
42257,0.0723273367826313,0.669073086577074,0.209786414160525,0.820820212090822,0.839693166025743,0.623573134373092,0.206637072031787,0.86179725301588
7170,0.449603027138041,0.914381369037515,0.0522383182172501,0.603543251848494,0.612097439077635,0.516992304781048,0.712669449670419,0.780870198358011
14688,0.488854120745974,0.847857249725263,0.417155498894353,0.56418983901679,0.911535202289537,0.509874255429127,0.989728625888417,0.543115198062558
12492,0.0488222270099851,0.762683953126523,0.615463574294854,0.508177804216168,0.144895630261255,0.488825129865328,0.300923280932169,0.910662750051751
520,0.107090865416051,0.872433633093395,0.366907929975309,0.617249073022132,0.617784107820736,0.852828460466733,0.81483388647692,0.772595705129174
17925,0.0410040074737323,0.708038402606428,0.465503002239838,0.80339015402262,0.608029003151842,0.568631828854117,0.650377489450341,0.164854790900124
11645,0.40188816480072,0.901052824326413,0.91135820040954,0.436279504718635,0.584350462316141,0.799023701649341,0.241451395057505,0.241430615386512
49250,0.377723334731145,0.92204865448334,0.250485976815075,0.635845791171039,0.702458948681338,0.806579480629435,0.433724444573103,0.667044221933765
8647,0.20492202869679,0.673571895017406,0.555048494526974,0.575921045118861,0.100469566662683,0.328966021526609,0.824140677448539,0.608532324641795
15307,0.961997004011798,0.94747563664491,0.564349405558112,0.363126690500305,0.603572658979243,0.139775711927846,0.949771320290677,0.344374657487271
49028,0.044532581345943,0.911171933148805,0.0916047692546808,0.687581514670755,0.210300552228812,0.0675679253076624,0.959377604419468,0.986590369603786
4093,0.133498355902753,0.969646381480837,0.314894618497055,0.635590387860678,0.396442487457316,0.802373859865638,0.464696615992769,0.593139902133684
41022,0.853305992161275,0.934899897686292,0.42603563824649,0.660029597386276,0.320714299668272,0.40270730938502,0.5254567175136,0.013967992031077
15727,0.523325078964457,0.91037110765688,0.576723041994525,0.503214656590381,0.323312971392956,0.254037109699717,0.795442068332095,0.362341295112623
24579,0.186700679128897,0.658803939032875,0.486501787633822,0.715658533621502,0.614953552610994,0.290060048862023,0.0498541389735078,0.868592788464971
45807,0.563820115706108,0.931080391007518,0.909225231551899,0.322251527250529,0.433015624137864,0.887432736240264,0.486886729455018,0.12738517224152
21632,0.397665362504666,0.938883228141416,0.0719011533400766,0.727347479953811,0.46518049019109,0.143565643702513,0.487627922560462,0.525201323509566
11898,0.0670152324976867,0.862536606549083,0.437113359406302,0.62776811912829,0.877433290884419,0.893974088222719,0.585834891228036,0.413985886865854
16904,0.530433231781554,0.848838180778348,0.33412505474106,0.728162935090483,0.663376106737423,0.125968393762477,0.430054306822264,0.471612121355723
3633,0.2385005766651,0.984245130490239,0.421526793101772,0.543917340319328,0.576016653232444,0.502246901307364,0.53266330517577,0.82393497346895
30604,0.830719410590865,0.872269500354528,0.6014518331818,0.292924753767274,0.866972486841557,0.895922625801941,0.571972968701286,0.998028974748
4474,0.146632219785267,0.690016243826889,0.142205350500514,0.800629933153306,0.250760214200966,0.37477855539116,0.245404315302469,0.655106423933635
3402,0.39364282329663,0.923726015532659,0.459865014865772,0.57807374279384,0.980805482583366,0.783451261735042,0.570354638763398,0.606783318929448
15094,0.775947236393397,0.974108750817386,0.508050436633374,0.637966136998068,0.78006513511131,0.165131602668931,0.607417214036726,0.0725730797757958
16890,0.232154092898293,0.755787738836256,0.0344605009384405,0.916600460219124,0.198603915570678,0.648735338115365,0.879986324638162,0.100610529691073
53894,0.7598966237567,0.843782745576381,0.171836911813757,0.680973519931335,0.417927029649037,0.15528571567143,0.834417823170027,0.499446170467751
21807,0.469909087109949,0.975645570953955,0.115740650746161,0.720171806415494,0.916405954400017,0.00936905299132941,0.979364315034176,0.262636889988103
30391,0.11924592067331,0.628015595196033,0.469109955626616,0.586210498184089,0.256284627602172,0.661170781331107,0.901034945987442,0.796156186204678
17812,0.805125077202715,0.756370997312954,0.42876703248365,0.521945935449047,0.361748875159194,0.274936730399383,0.772587283710477,0.970826207234728
13343,0.607346544506706,0.996284906328721,0.702713998647565,0.578951379962083,0.372822624799597,0.273560271819318,0.0447562823060231,0.0895743388907224
45260,0.0684832900353834,0.993036345631015,0.484375845765982,0.678950853814861,0.63801929328662,0.793346614668175,0.0090801966452002,0.451896172336672
18277,0.712383991426988,0.925697348894693,0.354853880847382,0.519905526379128,0.535260763307564,0.836836866421528,0.851756466745734,0.727083572859111
11603,0.385368149776596,0.985292680133073,0.627514714255062,0.412885752763685,0.0316287654699337,0.167394438928801,0.591066899616645,0.840111648563287
28685,0.708642732064562,0.692983309436157,0.192924240423155,0.714456175172,0.527131875114131,0.384983590510908,0.494225556332434,0.677271860381817
18686,0.386576928866811,0.994648693944551,0.524893786396074,0.453811554621078,0.827012677221954,0.452708721490487,0.947380362556932,0.810976256051416
29626,0.0924016903056182,0.893707285954098,0.131558898387337,0.738290710540785,0.788387024384038,0.538887984997972,0.0657705330136958,0.712154460794521
38655,0.757344009697609,0.920642084096762,0.492749019295524,0.604483143351358,0.125517315249097,0.143318943567544,0.0897215968324971,0.302040750325575
47729,0.496749829828308,0.715003887898897,0.58251426286638,0.475869879253165,0.140659543452484,0.949730869542191,0.704308195775959,0.687522306030324
18403,0.518585028101917,0.93879942348983,0.408084251039643,0.668245179153778,0.135573572403392,0.0190180993825483,0.177828372237739,0.51156586219653
8139,0.0879081001583881,0.95989228424688,0.109053773861508,0.843425848144856,0.83948707212725,0.327344995835776,0.883256285010457,0.0769546487075825
45390,0.124937358703059,0.954699456757262,0.264925168409794,0.63690759955252,0.0459349138152793,0.0705058609348184,0.637270968164309,0.982073201761329
16054,0.625302444415772,0.876508611332365,0.528655592887586,0.629603281558574,0.746713817516254,0.926253719274101,0.271778000730588,0.194384313169243
25834,0.293434484610654,0.917569687110873,0.567635066595338,0.534372707511905,0.768105259663624,0.808612618134975,0.301200315094748,0.9026948129014
19397,0.65214397889258,0.909035911490416,0.0675563850798203,0.471813546019151,0.365711900223704,0.582518397076429,0.987108527893385,0.965554707393649
18514,0.373617287472123,0.943040663646247,0.342998351861395,0.638400323667191,0.249007968471875,0.31275686622942,0.132000196972881,0.908327171468721
1485,0.343010379904658,0.994709660523005,0.127585588505547,0.786703712229022,0.603014113327494,0.174268473001989,0.982984477133413,0.134183765259757
11991,0.200856395306469,0.794288587389801,0.221839598998959,0.884315867984816,0.0891025079592641,0.46451003926102,0.593075895592701,0.0849264758685685
19689,0.247917269289446,0.633141966068466,0.30434213674504,0.72974984953186,0.363642263354792,0.768821427968571,0.40668045095204,0.84302678308105
7693,0.579548437679909,0.964216303281486,0.384852168799543,0.722706315470796,0.627032767550747,0.262459556402881,0.963675687863428,0.0253626029511531
10505,0.423613299829422,0.732567517913393,0.462240673458458,0.624801266194564,0.223286525603937,0.883578559088053,0.283426322276443,0.720282005257362
42072,0.720182473979386,0.952460246656493,0.572417720883213,0.444620373843176,0.570029987335787,0.0745648849250452,0.597409741339116,0.555768716955733
24227,0.955212444571397,0.992235349477065,0.529490886315718,0.514029601887382,0.177143534945322,0.936055359438313,0.684576057816439,0.0343185795835862
20427,0.71452239100403,0.872491120136793,0.849206574997123,0.387140018544639,0.687664475114524,0.699835241832793,0.121201079772748,0.99003490054862
14806,0.59858801765656,0.768297381542419,0.257116631264432,0.754591563890184,0.535085730720073,0.308615824878507,0.972243561432037,0.278522824591905
34338,0.369472622847667,0.7679080517999,0.627014529695873,0.436259696161831,0.334434586321262,0.712709138790016,0.904474231965205,0.65777363357273
57534,0.775863339907892,0.875384602854749,0.504557197328199,0.46688268492877,0.445507729303646,0.12391174089575,0.856046615886684,0.740488601417631
318,0.308441545058989,0.751035424032888,0.394636233528998,0.625492115226106,0.382561930162585,0.146173888726198,0.71518505128695,0.987768653060503
22179,0.856239361487334,0.877640461080295,0.529638905112492,0.428143826168695,0.440496626701376,0.924610461394224,0.302827760232877,0.843473973704085
18214,0.121231710589498,0.678122552382416,0.0731435265717224,0.8113927316118,0.241325095618561,0.847356522264486,0.795622924560498,0.616172428768783
36650,0.918260276790956,0.589924576961845,0.507975010447184,0.499447377575369,0.389230398508884,0.806817244397248,0.528263035043499,0.648866292461805
47920,0.96784981163441,0.961766266625819,0.788147397279129,0.243433365785817,0.106701677101311,0.742616044916758,0.568042985091574,0.414305526997741
16815,0.71265274270978,0.586155308979768,0.214021424477282,0.625028698360246,0.50306366204993,0.717106017257642,0.946533951527863,0.97900792598971
32818,0.547818221724627,0.825529878501357,0.380472136096374,0.640336600743605,0.640915007500944,0.435892984890027,0.10569093733624,0.971820680921172
39526,0.0965674981680111,0.94817510113974,0.0711235025630473,0.669772520544118,0.126231859275007,0.927492467654369,0.641808949652555,0.809321050568274
23379,0.00869863428010311,0.931003171965395,0.105068867612843,0.777977200018872,0.740869241579252,0.820592891282105,0.159784014971435,0.525906777350973
31748,0.0602023498577923,0.979701059562827,0.0437545319080825,0.776737768541001,0.317421703750988,0.352463614671617,0.00986973508381212,0.722626409041159
32091,0.997175875113517,0.932822084155268,0.723796550544565,0.0965509810332405,0.568810577556635,0.995679565100136,0.76386378888318,0.866189715036041
43768,0.477810228074121,0.96356947072302,0.789186006797462,0.386500883238744,0.72237837791525,0.79163583841828,0.945541839436238,0.0372715609615593
31296,0.821840712394424,0.791631150903522,0.477299606331128,0.63498622035206,0.379561952838081,0.812769667601338,0.622002270546902,0.174583794285564
34951,0.559644077673845,0.790201302433447,0.545720096035853,0.760814902123606,0.407444912531752,0.53047898619661,0.0888881661694346,0.0325725558091201
49638,0.204555166227472,0.697610428297016,0.208342791391112,0.850539388387954,0.544023701422495,0.294269365654322,0.825229570245469,0.288982435843505
11191,0.494645639720896,0.882007592338469,0.443959278707529,0.668237632784539,0.622549528291913,0.504640640511574,0.586979670893763,0.297946609185255
8511,0.538769116780049,0.971671524988346,0.687953090574848,0.421597569365847,0.176115384725012,0.91723895609559,0.998910505271485,0.0906877873383274
42116,0.320134475761841,0.944064128541985,0.486893261979663,0.497243516741534,0.757170558444162,0.687761903715936,0.709729455880457,0.730439381098027
28398,0.0993886644146586,0.980913751466406,0.11945279519322,0.765035687806407,0.77030996696299,0.722266510231836,0.556327549215167,0.355241040189869
32908,0.146342230795855,0.620001740014509,0.335533512068317,0.770859741844925,0.434103805393577,0.567572266952272,0.369107702872207,0.4636465887066
29148,0.52191339202918,0.932361737583538,0.0754396430261732,0.643147182281391,0.451227611611654,0.710040232097015,0.461990018372494,0.766691208670371
3254,0.0320751879814097,0.838926194696895,0.0126758331184321,0.756092414276552,0.635636228040061,0.749735590346838,0.660910766820969,0.742717958491905
35480,0.537917976512328,0.895401091757854,0.506147402656059,0.455613179612987,0.627462267611485,0.747327157485643,0.946602214714879,0.842724445374329
24625,0.562970359586655,0.949539447995101,0.438135473864831,0.600199372284992,0.477213100407798,0.725922063993721,0.0571514587102675,0.949479439335574
50294,0.191101513647563,0.659666692088199,0.317421062707838,0.739032198632251,0.199623371529489,0.899417543228507,0.175013129371574,0.464159858172629
10736,0.334929375588258,0.984770933838168,0.299970434043547,0.602988141994249,0.0326402586154443,0.536030255325362,0.635849532506644,0.745994417006322
28980,0.858737511856168,0.948913809236381,0.502933126945729,0.486669111216268,0.275222862233644,0.485470245053381,0.662610613194661,0.268620757153168
33946,0.153361742898076,0.69986262312211,0.24683356377505,0.901139560994334,0.592991654087548,0.64992210131985,0.167995374890485,0.236164261092369
44988,0.816573710587689,0.973005913956465,0.904740696328087,0.252481234893012,0.849840364265355,0.618410120172991,0.0042670553700554,0.729140975213989
41678,0.990052006113766,0.761989203739482,0.539159050998615,0.537860449621478,0.273416449963015,0.962477768406257,0.435051730983391,0.224485309350299
44986,0.0543408431827503,0.84517416811469,0.0313763744389651,0.956505134939378,0.541014002593494,0.551789699630206,0.477787412626215,0.0690710752633695
16352,0.907448293752076,0.95416724929861,0.50349783315756,0.388670413731948,0.456551532298261,0.620297102226389,0.994684617322334,0.403774635002591
13353,0.0823679697940534,0.785736351146458,0.577112010625502,0.491589222326783,0.0573624089601125,0.596168006984348,0.810346114202218,0.788646558249424
38943,0.838802952810046,0.868206220215918,0.594894232274244,0.443206069862618,0.397855265387157,0.79040156256211,0.173769011254944,0.398190434331883
5119,0.370015274375343,0.967348480052385,0.634481472113112,0.626768058902563,0.24176006398755,0.241660298974483,0.629695102739478,0.0997462888087357
12888,0.173023218280694,0.783835997124238,0.0895963457379626,0.867818704543967,0.742801315198909,0.42405865707187,0.21795014444444,0.335018366317573
14306,0.636745842543339,0.918166500307642,0.0372001111271821,0.554549235753845,0.135154374488835,0.848871545920105,0.261224386068546,0.941572556397957
32268,0.122979798178547,0.728451932496213,0.283843859784173,0.894981919885167,0.434205614083219,0.378329576868453,0.392144667357413,0.13396294872059
10705,0.456686458969851,0.740069623075718,0.527338359311342,0.632095995148929,0.0100382315514917,0.676987301261356,0.650719342257199,0.316335763700212
44345,0.820220121754191,0.894093409816198,0.457813546077913,0.482428931778444,0.0805811331752426,0.275101559221793,0.0760948247439071,0.876864370658557
23297,0.501479326144793,0.992915381542524,0.0709450397849375,0.693371413306733,0.0765912117029318,0.672048503785937,0.417011129533672,0.240533723229494
5070,0.458348490864277,0.996753193383616,0.406366790634222,0.567688143909165,0.327406130329381,0.700224141115852,0.283903711999998,0.778504734793911
33904,0.27111902308537,0.730823053082309,0.0316093309604982,0.760677418522739,0.0372889795986996,0.470163444318141,0.634081284661502,0.892834087605412
17581,0.794965678237234,0.864120898679285,0.690015187078763,0.312047232553088,0.138074834634348,0.534760584722136,0.972853338817889,0.874370741284188
44128,0.692598828243293,0.991278962048802,0.921947152783292,0.146122407943916,0.698778963900008,0.959791727259134,0.806893223094469,0.400801927979287
47191,0.753148507803282,0.700196386288043,0.552865225958994,0.435657174422512,0.925545926928484,0.847894852688274,0.986725260412578,0.925135815676843
7981,0.79760450483531,0.609230582007026,0.572160917719668,0.479310607945204,0.626153472101216,0.998918401002347,0.839869919879377,0.913083947205983
33616,0.447434591110908,0.959122022317807,0.126052362176909,0.700556320634414,0.155318949392534,0.648422239427661,0.997369089367388,0.203287393352985
10375,0.397736996428185,0.900919496839987,0.00988412035730483,0.675496027325476,0.591085753474581,0.687017534826591,0.975545925134787,0.483597084243998
37648,0.167376811261109,0.751230012038594,0.412721641942873,0.632406552553853,0.710966800673513,0.144773802071685,0.390546825322312,0.906683543126007
28822,0.559701086829942,0.990666060469469,0.599549611455087,0.476398921467313,0.860803072653653,0.495967859490338,0.933881835118678,0.297904029766629
54971,0.695677647423368,0.969387321829787,0.807523150007126,0.44334106563271,0.0478765690928035,0.746043005597457,0.24073861706369,0.00497406639133815
50297,0.211486405113468,0.989076075665779,0.401310154843756,0.759333300464563,0.0392547633031637,0.312410137909333,0.654551378320237,0.0160397665133896
44127,0.479000735317191,0.680026952202328,0.367311910366814,0.598223608301893,0.763107022539477,0.42123839588085,0.992536453195879,0.817856705049328
23707,0.0349435523302618,0.962292939110824,0.493907966827179,0.642826453739104,0.436164083443755,0.289444531776217,0.0391296755014844,0.598796952238873
43092,0.151308761320038,0.842503210488194,0.212781784396531,0.856015970202651,0.301513457402717,0.96144354073757,0.263773081562251,0.0927887726507037
24598,0.870243342178629,0.995548626859516,0.485561812756945,0.416830170110069,0.686025039081341,0.989044231934156,0.226648213516021,0.392288436165016
40161,0.0903665436039586,0.723409353773809,0.0421170755425132,0.680643367654204,0.547444154533689,0.0953671634690938,0.799909910079916,0.932849692588213
32007,0.101698810027837,0.75136508941157,0.416966564123725,0.764703261607082,0.969723771086545,0.419127725953538,0.289301234528594,0.463350911279112
12285,0.516443269142298,0.970360798511268,0.393985304450637,0.618984843443209,0.231175318775199,0.624496686707656,0.739364031169712,0.289998675955617
31228,0.0703194063096552,0.826757349006028,0.538223662272368,0.473288680373321,0.487192399457679,0.713021377758116,0.906464843469636,0.941744800711266
45997,0.00756534009939615,0.732078583245881,0.535916000587546,0.608540081385402,0.70005639707823,0.652284310899962,0.722348292113927,0.488519044845881
13128,0.0659773549330667,0.980304012620482,0.201999245683776,0.666926040455749,0.596926352570955,0.569704147812888,0.648452252307945,0.635788129531928
27484,0.293796912193176,0.71856333088206,0.464083099504811,0.825884394986847,0.763863954507594,0.681899382031579,0.110756000627873,0.103498849627734
25632,0.76056625705956,0.949990824592499,0.696885314087414,0.371755193687347,0.426507783970717,0.197456284617757,0.015114222344154,0.986357043247098
478,0.217195650787057,0.847613841128379,0.593430630526413,0.711282495071257,0.748159306414203,0.973956848573503,0.124105139477687,0.0387068822378973
43077,0.939950281540366,0.72462252262658,0.644856510431426,0.352656106501587,0.925228746523093,0.564090328391136,0.340585002135497,0.895844955227536
35769,0.368979096584922,0.759365223960496,0.363994456441201,0.745661423354383,0.129149544406663,0.829146861080966,0.0399546883209285,0.302532595565336
46270,0.0867520834247078,0.826950739023378,0.470527483384947,0.531235193426625,0.966924094506853,0.440052066237829,0.966441437154285,0.876323406249727
43284,0.366287209496413,0.995485217137488,0.0802152593355511,0.708621593955161,0.894926880747641,0.11221031020286,0.531955466368601,0.274107016859734
22382,0.788373062085174,0.881036854810755,0.560591369732578,0.40937284871063,0.213644990217891,0.375180710639835,0.530437741682454,0.587371501691057
48686,0.681429188500993,0.965691889910847,0.742750692612537,0.526610777734634,0.0134401486563344,0.431545372659357,0.150641257713378,0.18663492621575
31486,0.586290383134288,0.956288633901477,0.539203440098002,0.425810663697067,0.695718878056948,0.301856070585293,0.996404134368261,0.485099658919881
44184,0.417164294198914,0.842987525765168,0.613017406048414,0.507345980466701,0.114590886370762,0.64584083531208,0.966214323552151,0.133317544095439
50467,0.737837325727779,0.94273600395821,0.315989809548926,0.727280276803453,0.0573133164581904,0.318226232069706,0.619079908016319,0.133345465604944
56239,0.529676537302825,0.803717082593388,0.102321423617406,0.703293357555313,0.876815376087816,0.0290732558779072,0.583278783002614,0.569361476111158
53464,0.769954644838273,0.952028357352815,0.76761601799719,0.204119803032865,0.843609877104732,0.829278974811052,0.311823039853764,0.851041611635105
23206,0.838196010172095,0.633817837517258,0.241825185164727,0.672311868552921,0.0145951320206421,0.734024829329793,0.765734859663614,0.466957360401032
37055,0.23907302320098,0.633789637040049,0.300662157542255,0.70717005787917,0.0956994668433841,0.234722635808682,0.583544325983381,0.825076471402197
39182,0.669077090200073,0.654580906996653,0.347751659189643,0.625173143921539,0.0396595506487816,0.925118833912443,0.0373388112741556,0.958014968591089
36858,0.492399591473449,0.801597872605316,0.801474386642706,0.448738081936804,0.0939661318896197,0.948664894899233,0.334215532952331,0.69596635928958
8137,0.0930090593961598,0.985992489182691,0.646496809961044,0.606504817655388,0.78876509226998,0.991090788241915,0.0713596982149911,0.544300497845744
37539,0.940833067036892,0.740676251048299,0.163268556526669,0.684845962524936,0.127601074517678,0.483674350935108,0.796836763246024,0.575275891694022
47859,0.153552356345534,0.906515438557838,0.118893582140804,0.890778269306738,0.228714083356019,0.544154559352833,0.01797575103435,0.176682554178776
47388,0.582858628931371,0.622073301055239,0.340173873940804,0.667489654914257,0.616217961970687,0.768895658518664,0.533929017005643,0.980767636328976
23522,0.187241973008975,0.661171118539402,0.205750559428451,0.812361303154382,0.892177315417023,0.328776403313347,0.57412780122609,0.713519116534581
52283,0.873141195190495,0.881346475443889,0.400723499964466,0.513439590183326,0.32795718530316,0.634705716638088,0.544347348693993,0.970244082572697
56718,0.415410127116994,0.841172862760801,0.0424782409486943,0.696198708518707,0.619201998803119,0.704926882744391,0.209200214143422,0.565955750886954
47640,0.241884206778403,0.961976861411456,0.123416148727506,0.683033752234459,0.27080562084603,0.33893422129961,0.609719013076557,0.601924723700385
31634,0.839207572268154,0.985546037373855,0.910018317518142,0.0935534282986713,0.856842214515987,0.985759824508698,0.958066528532245,0.610390932275964
50402,0.368360894021869,0.95394287912401,0.648054004322493,0.605140676406887,0.846023551350797,0.677240379907882,0.20645641197495,0.208997442627927
34607,0.960691005836194,0.905183989997514,0.514289614423481,0.531838411565022,0.66306629901022,0.342947245474117,0.646951623487661,0.00907587783171971
38649,0.482193447009832,0.768225162113932,0.599749203806192,0.619222810239518,0.0349685964521389,0.534367209686035,0.0265088551651333,0.348759660320109
32856,0.0118741341164092,0.808330904545441,0.349708361455891,0.692567684884559,0.640082720046783,0.332306160001219,0.201400161059228,0.973155097030447
35191,0.0362861473367326,0.786577530477603,0.203814357988473,0.713573924245925,0.54201978675187,0.992397806760947,0.784858107468843,0.572999323163037
33983,0.432999968564417,0.684516805252716,0.450522148465181,0.55534698405732,0.118537584598667,0.774531116450432,0.949807876207233,0.941972422991804
13633,0.0117358581675176,0.955025675767388,0.521032584869911,0.564530626660051,0.333474276550596,0.746433576802096,0.776476177430341,0.398131843617989
55629,0.56982397407707,0.968132916856113,0.93056362296422,0.354992838594016,0.574174154675221,0.735070800285376,0.0322550873978121,0.798758765034084
19581,0.0242743432780162,0.894566115115608,0.136762569235523,0.742413249712008,0.213077090750475,0.628692301886008,0.672302661681648,0.587071804464026
50941,0.709283919723287,0.994291237439308,0.320938004195669,0.62302818345502,0.577975048032517,0.981360183838302,0.778349875008277,0.297790065431261
51474,0.542687723011758,0.966965955393024,0.343512876385136,0.715031278339563,0.939529087050219,0.16652042645312,0.719967766542734,0.162519799418848
50198,0.0718849326511176,0.770274856051483,0.596294767165281,0.667519557292066,0.538486681750132,0.613178560940942,0.395476284495094,0.368469409172684
43479,0.0591260904174132,0.96912015850192,0.0746513894196739,0.831944670842429,0.505397653466372,0.147860082723745,0.0834240374235837,0.220259681743503
33865,0.719576862378795,0.655558845830106,0.281862771113374,0.686300640875144,0.348156142698668,0.472474705393435,0.306508431971012,0.852739508391679
36495,0.889490403881496,0.868632983190579,0.607687890430025,0.282218799231887,0.727748149770182,0.562171586988727,0.8427818104517,0.540203441323156
57504,0.564505342165832,0.845452205438808,0.883000004403985,0.470311341791165,0.88207771529243,0.975631448319874,0.020931995808997,0.174564205916126
56523,0.0197762243636958,0.861249591156937,0.0679903193779974,0.833103884564275,0.99018788533788,0.501818376497336,0.731326725482516,0.406716101124695
34984,0.552735781236171,0.989889894426996,0.589407166474019,0.589795408065942,0.091545467264314,0.218261942454617,0.979784881883523,0.00813244729894688
55071,0.802805087977214,0.918222834812988,0.961701967169921,0.203329058744817,0.147424752165663,0.929199208813646,0.214919793235352,0.895628884745397
40034,0.918559067423363,0.770207913716872,0.59936158074887,0.320562785734555,0.567574097899246,0.438124666570888,0.732895495115065,0.786321821170872
46734,0.482873187437933,0.585944480737353,0.20294956255372,0.699769872598223,0.920177784170897,0.996091315219983,0.584271039411222,0.513231615083293
33168,0.456437246130119,0.640001319714527,0.0316395653230584,0.757369867713854,0.309101798290145,0.989874078940033,0.831104854766108,0.299000327074692
50869,0.785988139022499,0.896073295480577,0.294156957079543,0.533459139646824,0.167039926252311,0.771542396188816,0.391268918893197,0.87080524762698
48313,0.373830633759773,0.992310384272976,0.73308173207421,0.472142253836251,0.772066840480901,0.414173436950902,0.101670007765397,0.926618662875507
54241,0.73605002623382,0.786471645509867,0.774349977351149,0.326996564091876,0.328369294751037,0.925584303557619,0.703293815815676,0.915657821229205
57414,0.370090682478429,0.933680118199471,0.766800224193011,0.432043551778186,0.184112868710499,0.389462202997149,0.431206975793738,0.435358439626347
48243,0.311048838955778,0.725368682615385,0.388370837619664,0.674045060760907,0.345363778377586,0.99544499510606,0.219320198149012,0.992618221104843
57000,0.479345126380162,0.925168073699638,0.558570993865932,0.67100880518422,0.89207999473518,0.697403393918461,0.751651780828034,0.074993231134931
