,sigma_Cl,sigma_H,sigma_N,sigma_O,epsilon_Cl,epsilon_H,epsilon_N,epsilon_O,temperature,uc_mean_distance,uc_mean_distance_Cl,uc_mean_distance_O,uc_mean_distance_N,uc_mean_distance_H,lattice_ape,job_id,abs(HB3-HB4),log(abs(HB3-HB4)),abs(HA3-HA4),log(abs(HA3-HA4)),scaled_temperature
0,0.23106594216873644,0.719551504347861,0.2701910928419871,0.6354704257043492,0.025130899950554307,0.193912222365288,0.7665009461418242,0.7329364558965401,298,0.14649557558440826,0.13806122245562594,0.19681444000689585,0.1549299287131905,1.0578771994719114,1.5868691314965293,c2e5578d124f780237068509abe4bbd5,,,,,1.0
1,0.23106594216873644,0.719551504347861,0.2701910928419871,0.6354704257043492,0.025130899950554307,0.193912222365288,0.7665009461418242,0.7329364558965401,78,0.1211454970783916,0.11823220427473495,0.15246440179593773,0.1240587898820482,0.2395972869397269,1.434396177279598,becab80c424285a226261e47744eebbf,,,,,0.2361111111111111
2,0.23106594216873644,0.719551504347861,0.2701910928419871,0.6354704257043492,0.025130899950554307,0.193912222365288,0.7665009461418242,0.7329364558965401,10,0.15460176869564984,0.08529670644246118,0.12040718838076013,0.08285061766354965,0.22406040233186172,0.923180833402244,5ee8da8edeec22d9f951d75068d4efa0,0.000379639004869814,-7.876289743952353,0.04079431029299485,-3.1992126608996463,0.0
3,0.4162206387753362,0.7199665742869342,0.4879389821156561,0.7259026161970479,0.4083218830096721,0.40551162270874297,0.18030741820573498,0.262986683800952,298,0.13243576859379375,0.13429709165780745,0.20958986674020094,0.13057444552978004,1.0564016808118786,1.3306948595875707,ab6f9ef3c2c36b6e440f8e713eba813e,,,,,1.0
4,0.4162206387753362,0.7199665742869342,0.4879389821156561,0.7259026161970479,0.4083218830096721,0.40551162270874297,0.18030741820573498,0.262986683800952,78,0.09914503450801578,0.096682009551476,0.1443048023131289,0.10160805946455556,0.2190822370540606,1.2193579140306925,296af25c477b2066a2e324d7ed5dc451,,,,,0.2361111111111111
5,0.4162206387753362,0.7199665742869342,0.4879389821156561,0.7259026161970479,0.4083218830096721,0.40551162270874297,0.18030741820573498,0.262986683800952,10,0.14523893682596362,0.0877284126362256,0.12047943680989105,0.07162863250866082,0.2027786439687964,0.6489974803853967,7b18d966b2a420c6a875311383d79ce2,0.000495614102390185,-7.6097129534281205,0.10507009178101613,-2.253127610759268,0.0
6,0.4210968803023132,0.686146376315874,0.48635669683162147,0.583015239881571,0.19642471570729897,0.579902838853639,0.452982506738916,0.427843307285763,298,0.1343101372445847,0.12958244270334418,0.20711729868303205,0.13903783178582524,1.0599064726395704,1.48558600389675,e924a568a15da3b31af50a1f902a9e92,,,,,1.0
7,0.4210968803023132,0.686146376315874,0.48635669683162147,0.583015239881571,0.19642471570729897,0.579902838853639,0.452982506738916,0.427843307285763,78,0.12532187404219075,0.11995106228003034,0.15041912182547426,0.13069268580435112,0.2357157754698885,1.5755159078077778,3dbd44b5198fd6fa598ff2fb3ab86cc3,,,,,0.2361111111111111
8,0.4210968803023132,0.686146376315874,0.48635669683162147,0.583015239881571,0.19642471570729897,0.579902838853639,0.452982506738916,0.427843307285763,10,0.1483371880971719,0.07524735155737944,0.10882429098713188,0.0828463693351651,0.2224952490326617,0.7695786944079827,d6894041b12bd14aafc5f4c15d248e4f,0.00017423753139000908,-8.655091066751838,0.01694684302998439,-4.077673714421045,0.0
9,0.4417171245537608,0.6698798583141438,0.44331392278286597,0.628151541099564,0.9524660172146399,0.8516414533911051,0.9565959030169799,0.325463554898955,298,0.10855265458246556,0.11722209119950452,0.1813003521350234,0.09988321796542657,1.060652767369318,0.98604918360224,b4be3e06866b94ae5f40100f2b7147ed,,,,,1.0
10,0.4417171245537608,0.6698798583141438,0.44331392278286597,0.628151541099564,0.9524660172146399,0.8516414533911051,0.9565959030169799,0.325463554898955,78,0.09069443492445724,0.08723819591791693,0.12354818083325812,0.09415067393099756,0.21884464529026265,1.2444673522920289,c89a9c9a4d9751e9ea1586a10362c8fb,,,,,0.2361111111111111
11,0.4417171245537608,0.6698798583141438,0.44331392278286597,0.628151541099564,0.9524660172146399,0.8516414533911051,0.9565959030169799,0.325463554898955,10,0.13040410395899554,0.06360036861697876,0.0915017767446994,0.05155862712637005,0.2057187342169523,0.52983814255353,487f3f66ff5924e7f7a21a5d30f25595,0.0007811763028700014,-7.154709693689635,0.12783781340499445,-2.056992901264123,0.0
12,0.4967817318385501,0.6787573073539771,0.21103293785850855,0.7047138760289234,0.7574061688137941,0.45614752888580795,0.9694952857844571,0.31787062113957104,298,0.11474822266851452,0.11311824537242415,0.2023618511189216,0.11637819996460487,1.055425446068336,1.1348749534860327,238426bf33861b99e916ce23652ebc2f,,,,,1.0
13,0.4967817318385501,0.6787573073539771,0.21103293785850855,0.7047138760289234,0.7574061688137941,0.45614752888580795,0.9694952857844571,0.31787062113957104,78,0.10180145486141064,0.09690169428023747,0.1476552238337053,0.1067012154425838,0.2144372030859122,1.1912367530575787,81163bba723f16551abcc6c49381a4fb,,,,,0.2361111111111111
14,0.4967817318385501,0.6787573073539771,0.21103293785850855,0.7047138760289234,0.7574061688137941,0.45614752888580795,0.9694952857844571,0.31787062113957104,10,0.13750134466376598,0.06775015877237928,0.10863271776418308,0.06134618576243709,0.20284655776152788,0.379285255898428,d0ed3ddf0282794aa13e37ddfe86e5df,0.0007125037685999924,-7.246725356572308,0.14221795052901598,-1.95039453519862,0.0
15,0.959420648842559,0.6856784792024109,0.5070048763133549,0.4830418717659895,0.03961176299408278,0.8387001196134622,0.644693651034951,0.7323073636890358,298,0.11343479652573313,0.12749874806355976,0.1842745430297053,0.09937084498790646,1.0535564368643526,0.9602267966193699,d92123ba6a20097915653d4e812967be,,,,,1.0
16,0.959420648842559,0.6856784792024109,0.5070048763133549,0.4830418717659895,0.03961176299408278,0.8387001196134622,0.644693651034951,0.7323073636890358,78,0.08939929380961101,0.0868223677754953,0.12218770120570124,0.0919762198437267,0.21671456564791472,1.2077548373578133,2fbc7b35f46cb28ad66e43f7a80779dd,,,,,0.2361111111111111
17,0.959420648842559,0.6856784792024109,0.5070048763133549,0.4830418717659895,0.03961176299408278,0.8387001196134622,0.644693651034951,0.7323073636890358,10,0.13187168187675188,0.06956479946100033,0.09404959144598987,0.05390539787860013,0.20476206391098975,0.5584560612869806,3e175a5a25f2ca983591afbda1356e00,4.6517033470028224e-05,-9.975692001263123,0.05856138353101415,-2.837679783737024,0.0
18,0.9806480826080097,0.700414924717241,0.5143376149747474,0.44788908527024984,0.17947091698586107,0.563660089640789,0.6014104357572709,0.925735603973206,298,0.10858977072812924,0.1300376823240433,0.1812974160346743,0.08714185913221516,1.0553669784593886,0.9450418240706592,c4a999ce69fb2f7f9ceb6df4b54db25d,,,,,1.0
19,0.9806480826080097,0.700414924717241,0.5143376149747474,0.44788908527024984,0.17947091698586107,0.563660089640789,0.6014104357572709,0.925735603973206,78,0.0942542839825284,0.0942614573085519,0.12615592247102864,0.09424711065650493,0.21516780329259452,1.3079027363487152,42d326eb37ed56f52521abf8c0f15a38,,,,,0.2361111111111111
20,0.9806480826080097,0.700414924717241,0.5143376149747474,0.44788908527024984,0.17947091698586107,0.563660089640789,0.6014104357572709,0.925735603973206,10,0.13297629176703762,0.07570509263106047,0.09860436343106496,0.05083555719985895,0.2022012035287992,0.519164703354404,24077a00998c0128200ab680e31310ec,0.00018429041613998717,-8.598997696051429,0.004758986993010693,-5.347720449981865,0.0
21,0.9808323523585383,0.6983954637788871,0.5950473675486021,0.47117889672577673,0.168363858174338,0.703434963216612,0.379316745902582,0.7513653405053747,298,0.12348699240891275,0.14726697182777698,0.19126189780358507,0.09970701299004847,1.0566580296229948,0.955028109627624,bffb13015512e9430ab9fafa9821243c,,,,,1.0
22,0.9808323523585383,0.6983954637788871,0.5950473675486021,0.47117889672577673,0.168363858174338,0.703434963216612,0.379316745902582,0.7513653405053747,78,0.10157076391858114,0.10521506997215244,0.13338508453780498,0.0979264578650098,0.2189849262065357,1.3313034233002703,02f17053a83781137beab90638d02132,,,,,0.2361111111111111
23,0.9808323523585383,0.6983954637788871,0.5950473675486021,0.47117889672577673,0.168363858174338,0.703434963216612,0.379316745902582,0.7513653405053747,10,0.1456895729333767,0.096931950570447,0.11619026506913528,0.06735687028156033,0.2069614620513046,0.7902541000514317,643ec0eb811db535d1967eaad06c7d96,0.00029277875391997554,-8.136093340258567,0.1027334769010224,-2.27561724728608,0.0
24,0.165051632610274,0.7809667063683459,0.5771050218359859,0.6198840911168013,0.6960001278373531,0.22287079908156499,0.29669254725959193,0.4719192514052799,298,0.1154749068256336,0.11360143127539782,0.18370839346106488,0.1173483823758694,1.0540023344185667,1.109516310245311,286d266fce6de8957c1b81253d73ca4d,,,,,1.0
25,0.165051632610274,0.7809667063683459,0.5771050218359859,0.6198840911168013,0.6960001278373531,0.22287079908156499,0.29669254725959193,0.4719192514052799,78,0.0872442606919754,0.0812434357210855,0.11895692791468054,0.0932450856628653,0.22359612756463884,1.0506185166961122,a830a54cd4063049e7996597b78c41b4,,,,,0.2361111111111111
26,0.165051632610274,0.7809667063683459,0.5771050218359859,0.6198840911168013,0.6960001278373531,0.22287079908156499,0.29669254725959193,0.4719192514052799,10,0.13384768728938728,0.06319523027724974,0.09172263061293008,0.06278418938987225,0.21140173269375764,0.6526834862915404,94391a5ba2edf94a4b4c0b21f30fc804,0.0002722100414302986,-8.208936578529093,0.07190777540401427,-2.632370878182521,0.0
27,0.23869551069517003,0.6932960096206622,0.5035321552157663,0.5978385154345642,0.4250372824087881,0.558160238365849,0.44528001812124296,0.583418922802761,298,0.11306415480234255,0.10848184062258273,0.17716591128903095,0.11764646898210238,1.0559164474980591,1.0905628959613607,876cdaa48c1a0c152b0ca76579c4ad80,,,,,1.0
28,0.23869551069517003,0.6932960096206622,0.5035321552157663,0.5978385154345642,0.4250372824087881,0.558160238365849,0.44528001812124296,0.583418922802761,78,0.08533009882962557,0.0788177242162121,0.11691387857841146,0.09184247344303906,0.2213981007999831,1.0296772299385282,aa13379a6a4727883cd0559112579f1c,,,,,0.2361111111111111
29,0.23869551069517003,0.6932960096206622,0.5035321552157663,0.5978385154345642,0.4250372824087881,0.558160238365849,0.44528001812124296,0.583418922802761,10,0.1300684740283339,0.05553673574525882,0.08653742074313744,0.05868008718877835,0.21007955859418803,0.5239824832829965,22f799eef70598fb8e8c8c1f9929e3a5,0.00016920474112991354,-8.684401090322355,0.08830217959601327,-2.426990487690307,0.0
30,0.332371191328662,0.6023626326363268,0.3694094359266709,0.6013481183225531,0.7911841970662479,0.7940144136772379,0.465876285024152,0.8024345725894871,298,0.1424735350311097,0.1329759049895657,0.2007226210601868,0.15197116507265368,1.0556257478332876,1.5034573891420242,bf310cc89364aa1c1eace87b396f753e,,,,,1.0
31,0.332371191328662,0.6023626326363268,0.3694094359266709,0.6013481183225531,0.7911841970662479,0.7940144136772379,0.465876285024152,0.8024345725894871,78,0.12341686564857765,0.1181042586768118,0.1555020445340279,0.12872947262034354,0.23285393808693225,1.4087602367974026,40e715dbdb7e9daadb9e7871b933ac10,,,,,0.2361111111111111
32,0.332371191328662,0.6023626326363268,0.3694094359266709,0.6013481183225531,0.7911841970662479,0.7940144136772379,0.465876285024152,0.8024345725894871,10,0.15022293635338718,0.07391119691044906,0.11643282514790255,0.08120724271621747,0.2203449058288988,0.5678651755306927,deb73dd20f9053d9a50c01bfc7cbe5e5,0.000362095531079909,-7.92360248294266,0.07789035490100105,-2.55245314762208,0.0
33,0.5834462234091271,0.645328834566875,0.18572346420436422,0.6152014338193806,0.8328778446023091,0.519571085822307,0.9166191071393269,0.904903354617575,298,0.09921049377249222,0.09798863192495676,0.18165874272741692,0.1004323556200277,1.0599642576076207,0.7916614236331294,9ac170fec85e4ae8fcb043069d4813f0,,,,,1.0
34,0.5834462234091271,0.645328834566875,0.18572346420436422,0.6152014338193806,0.8328778446023091,0.519571085822307,0.9166191071393269,0.904903354617575,78,0.08257710282472228,0.07998160435977608,0.13095249340535894,0.0851726012896685,0.21823694089853246,0.7592702162403433,be935185ea1dd225d2eaca32300e9a70,,,,,0.2361111111111111
35,0.5834462234091271,0.645328834566875,0.18572346420436422,0.6152014338193806,0.8328778446023091,0.519571085822307,0.9166191071393269,0.904903354617575,10,0.13635070267422406,0.07153984470148256,0.10526185703697913,0.06379100413149927,0.20178218744033566,0.31558297128333274,f97caffc7fe68c0b1845a1fc6b28ad7a,0.000987982391069897,-6.919845683178982,0.09861389654500384,-2.3165430887141545,0.0
36,0.5855207405109386,0.8116157254478841,0.4508417888556929,0.5702544586172292,0.20044771186611296,0.14753196708013597,0.9589271948400887,0.572657226109552,298,0.119854643620966,0.1329163662486933,0.18037677332510124,0.10679292099323873,1.0535086807172025,1.0073710926396509,9bd1770966a0c8c12c53613963282e41,,,,,1.0
37,0.5855207405109386,0.8116157254478841,0.4508417888556929,0.5702544586172292,0.20044771186611296,0.14753196708013597,0.9589271948400887,0.572657226109552,78,0.0945965807673095,0.09316954168121584,0.12383704937115017,0.09602361985340316,0.2245378754939329,1.1739915192005017,5a35c38083ef7b8490bee3b253cfbfd3,,,,,0.2361111111111111
38,0.5855207405109386,0.8116157254478841,0.4508417888556929,0.5702544586172292,0.20044771186611296,0.14753196708013597,0.9589271948400887,0.572657226109552,10,0.14368227153526952,0.08717937484367473,0.10675573580251912,0.07466023219966135,0.21199004127482074,0.880835651660245,fc026d7e206d1dc995fa3df6f443da50,7.144494311983607e-05,-9.54658343118284,0.024015570737020653,-3.7290528782922183,0.0
39,0.08621873006228853,0.6650223428311132,0.489617390306198,0.5925867608879611,0.7433813784852759,0.777798000373865,0.5869115875489088,0.47845962819728494,298,0.12488120488363465,0.11791567671128893,0.1890450805359816,0.13184673305598038,1.0580435480820658,1.24101303407688,2d1b93fe033984a8764a2baa4f882510,,,,,1.0
40,0.08621873006228853,0.6650223428311132,0.489617390306198,0.5925867608879611,0.7433813784852759,0.777798000373865,0.5869115875489088,0.47845962819728494,78,0.11027953166216027,0.10490794772402734,0.1329678434806957,0.11565111560029324,0.23202112924184745,1.261075752296801,0cf4e852d39418160650d6c9b9a8da7f,,,,,0.2361111111111111
41,0.08621873006228853,0.6650223428311132,0.489617390306198,0.5925867608879611,0.7433813784852759,0.777798000373865,0.5869115875489088,0.47845962819728494,10,0.13687095298509247,0.059999511967066085,0.09047893277495443,0.07125391290813718,0.2188850934689759,0.4722634615668628,cd92d2df1fa1ad3a60396ee232b3f9eb,0.000143236885870035,-8.851010753715201,0.0662975112000197,-2.7136029209561467,0.0
42,0.1334405747487004,0.7137972559299351,0.5801025153778439,0.6002726933429652,0.523360173383385,0.613664147230607,0.425783579232737,0.5956201068471559,298,0.11251256746553008,0.12044980190557132,0.16976539153676834,0.10457533302548884,1.0517323907583151,0.9845905698684532,eab3ad3fe54b26c17018447e37571a30,,,,,1.0
43,0.1334405747487004,0.7137972559299351,0.5801025153778439,0.6002726933429652,0.523360173383385,0.613664147230607,0.425783579232737,0.5956201068471559,78,0.07327818839810357,0.06976200575201265,0.10108473643859636,0.07679437104419451,0.21656854096103426,0.6855017257570823,290ba034804fb1780efad4c41f267cc4,,,,,0.2361111111111111
44,0.1334405747487004,0.7137972559299351,0.5801025153778439,0.6002726933429652,0.523360173383385,0.613664147230607,0.425783579232737,0.5956201068471559,10,0.13732420996984712,0.07951898363538276,0.09482967365360127,0.07201728630648785,0.21059678378554889,0.8356443013243059,2c78931d033f9fefb477aa781293ee53,0.0002416740230799519,-8.32792075191017,0.052973580315011766,-2.9379619743371985,0.0
45,0.18244873408659856,0.7293807545444561,0.527853326708252,0.5949866318514255,0.627473005360579,0.5818877142220781,0.9549155390494188,0.43029776241745893,298,0.11260094829751838,0.12771899996782654,0.17250389998593568,0.0974828966272102,1.0604726243139948,0.8590599732898339,59b73ee72e4311221d97dbefa007429c,,,,,1.0
46,0.18244873408659856,0.7293807545444561,0.527853326708252,0.5949866318514255,0.627473005360579,0.5818877142220781,0.9549155390494188,0.43029776241745893,78,0.08096939285403412,0.07670582727031114,0.10229046524560108,0.08523295843775712,0.2205995902120128,0.9858586764245124,752c5e304009ed136aa04119e61fb74e,,,,,0.2361111111111111
47,0.18244873408659856,0.7293807545444561,0.527853326708252,0.5949866318514255,0.627473005360579,0.5818877142220781,0.9549155390494188,0.43029776241745893,10,0.1333123858651308,0.07300723269156884,0.08758695629151582,0.06880408226582731,0.21024117963196207,0.7947756401619557,5cd3a57496f178a8225f8a0d8a27b120,4.996227638009998e-05,-9.904242309691664,0.012443390382998132,-4.386565689976846,0.0
48,0.18534028367652633,0.6515146485193659,0.5183712384075599,0.6428016412845119,0.753844180805396,0.607216878439765,0.2793770824955699,0.654052374477841,298,0.12234506552307035,0.1177870215959555,0.18042953016585614,0.12690310945018518,1.054784766822469,1.2594295951522074,05a06ae9ee0f18c10f79565cbeaab0d2,,,,,1.0
49,0.18534028367652633,0.6515146485193659,0.5183712384075599,0.6428016412845119,0.753844180805396,0.607216878439765,0.2793770824955699,0.654052374477841,78,0.10100593978940793,0.09711326856764213,0.1337359487623246,0.10489861101117376,0.2308509229211298,1.2155143442540444,1817121d00291cf3fc4f89c11aeece51,,,,,0.2361111111111111
50,0.18534028367652633,0.6515146485193659,0.5183712384075599,0.6428016412845119,0.753844180805396,0.607216878439765,0.2793770824955699,0.654052374477841,10,0.146158994200636,0.08031929733138213,0.10990202901745157,0.07327873906591717,0.2170959473848136,0.890285495597814,dc0fc5f00506820cae7f353b95419cf0,0.00048475503705014417,-7.631866872868898,0.02415895472199736,-3.7231001716694623,0.0
51,0.19358175292624535,0.689541279794334,0.44226902240381005,0.6104917145851518,0.8847264465145139,0.43423523545573994,0.714824786256089,0.7321147810869482,298,0.10180879253263912,0.09850767620469253,0.16269901374026252,0.10510990886058573,1.0539925470200802,0.94478823985578,99aee028b6d16637f2284a64b12ed7f9,,,,,1.0
52,0.19358175292624535,0.689541279794334,0.44226902240381005,0.6104917145851518,0.8847264465145139,0.43423523545573994,0.714824786256089,0.7321147810869482,78,0.07838200555094081,0.07276319077861383,0.1099171716201557,0.0840008203232678,0.21830927723019036,0.9336974036249812,1f0e0d34b622adcc48b903fe7de780e4,,,,,0.2361111111111111
53,0.19358175292624535,0.689541279794334,0.44226902240381005,0.6104917145851518,0.8847264465145139,0.43423523545573994,0.714824786256089,0.7321147810869482,10,0.13153135455062892,0.06359028197800529,0.08939936680426916,0.058237116328972514,0.20897216999555868,0.5758709525129191,2bb1fa32cbbfbd762318c23d5d46d1e3,0.0004540160572199524,-7.697377992222483,0.08248807705899708,-2.4951015165826003,0.0
54,0.24899459299723503,0.682599034724797,0.4634749553121205,0.604753695718172,0.33639987210547406,0.671812014172766,0.9862197374584359,0.523596333832292,298,0.11401447934018775,0.12021556352293095,0.1728178379784732,0.10781339515744454,1.0560390671708508,0.9951212818166102,37c5f944d19ce80c8f2ee3882cc7c121,,,,,1.0
55,0.24899459299723503,0.682599034724797,0.4634749553121205,0.604753695718172,0.33639987210547406,0.671812014172766,0.9862197374584359,0.523596333832292,78,0.08916989102117555,0.08570468734989106,0.11342522418877485,0.09263509469246003,0.22311901295109912,1.1156471924352434,30d83c12948b5b7431cf34911fd3694f,,,,,0.2361111111111111
56,0.24899459299723503,0.682599034724797,0.4634749553121205,0.604753695718172,0.33639987210547406,0.671812014172766,0.9862197374584359,0.523596333832292,10,0.13860743947135615,0.07742346043164082,0.09599846166864996,0.07217099032314353,0.2131215243210443,0.8679956370317645,8245b7a9c3e8f43285980908fd22141d,0.00022431012170986972,-8.402480991687769,0.043026907736987134,-3.1459295976702712,0.0
57,0.25808585349303614,0.7672312052920421,0.5026586606409129,0.5196697715400863,0.379544529248011,0.36030837726565007,0.9594442656470087,0.4257981850818439,298,0.1207161817064939,0.11613275079665802,0.1964036488546418,0.12529961261632974,1.0543616368914108,1.1687521882445968,3bd991b996899110af937b8c20b8770e,,,,,1.0
58,0.25808585349303614,0.7672312052920421,0.5026586606409129,0.5196697715400863,0.379544529248011,0.36030837726565007,0.9594442656470087,0.4257981850818439,78,0.11927135184854082,0.11525184707811938,0.13515639792734407,0.12329085661896227,0.233936373563752,1.4365540917868247,10d485e7af1e94404cdd7e990cdb0356,,,,,0.2361111111111111
59,0.25808585349303614,0.7672312052920421,0.5026586606409129,0.5196697715400863,0.379544529248011,0.36030837726565007,0.9594442656470087,0.4257981850818439,10,0.13702516884296342,0.06699977582934624,0.08729103456401838,0.07628838838024203,0.2194498464909931,0.685967171346921,b30fa89a0d38ef48dd750779c1b94a38,0.0007322857122098457,-7.2193398029303495,0.18038935066999784,-1.7126377048588182,0.0
60,0.2632301538759738,0.6551350511952468,0.35997933254949244,0.6167922443541634,0.6155767269289212,0.549546705564443,0.5742387265268281,0.544578090152396,298,0.1475599399803583,0.13880735289875018,0.2087497004820108,0.1563125270619664,1.0577070737304823,1.5310354954755194,c394a01456e9e02c607b16854c135058,,,,,1.0
61,0.2632301538759738,0.6551350511952468,0.35997933254949244,0.6167922443541634,0.6155767269289212,0.549546705564443,0.5742387265268281,0.544578090152396,78,0.1272926199133676,0.12169413888530314,0.1573813182832124,0.13289110094143206,0.23707496083109386,1.3896953136773744,5b1298aa4bb5e51d04d17f76517a32ae,,,,,0.2361111111111111
62,0.2632301538759738,0.6551350511952468,0.35997933254949244,0.6167922443541634,0.6155767269289212,0.549546705564443,0.5742387265268281,0.544578090152396,10,0.15193463312045774,0.07650431275387441,0.11633770101875635,0.08662032943242047,0.2227177212358143,0.6855534874841521,99a78d1cf47b22ae2e98999dbd267edc,6.163270167003354e-05,-9.694317957020322,0.06124157702402045,-2.792928956988941,0.0
63,0.27299363349790173,0.6820483339241781,0.33506505899607886,0.6166550842782359,0.26764929807851306,0.362108677068334,0.9634025249330103,0.715577004872711,298,0.12010502328848832,0.11287620313016458,0.17737676630321897,0.12733384344681206,1.0537484707887144,1.2471398999346308,55242505d99378758e271f96deb50f39,,,,,1.0
64,0.27299363349790173,0.6820483339241781,0.33506505899607886,0.6166550842782359,0.26764929807851306,0.362108677068334,0.9634025249330103,0.715577004872711,78,0.09917021899104736,0.09464203675860533,0.12991530715406835,0.10369840122348943,0.2271657973123041,1.2515030119809658,a23925e617c1a23e86d772ebc678e08d,,,,,0.2361111111111111
65,0.27299363349790173,0.6820483339241781,0.33506505899607886,0.6166550842782359,0.26764929807851306,0.362108677068334,0.9634025249330103,0.715577004872711,10,0.14128152099649813,0.06971650625840352,0.10239693824240298,0.06965873353265878,0.2159630543010768,0.7506225412717639,be592616afff439c6bcfd5983dd886e7,0.0006527078179099366,-7.3343809745950255,0.0584919447790071,-2.8388662303106518,0.0
66,0.2744082780269168,0.785949170180864,0.584257043428281,0.6541297480864828,0.6500817241708051,0.21636606108446804,0.249765731779909,0.37719115471877285,298,0.12469721984096238,0.1309153065489051,0.19026991146752398,0.11847913313301968,1.056751011423321,1.134499587558523,2e9e27a5f19d404b92e9291abc291c4e,,,,,1.0
67,0.2744082780269168,0.785949170180864,0.584257043428281,0.6541297480864828,0.6500817241708051,0.21636606108446804,0.249765731779909,0.37719115471877285,78,0.09225457062422096,0.0888039621148126,0.12739785784360644,0.09570517913362933,0.22318930685108576,1.1186126403767271,644c9384ea3f1b945d68be41cfdebd51,,,,,0.2361111111111111
68,0.2744082780269168,0.785949170180864,0.584257043428281,0.6541297480864828,0.6500817241708051,0.21636606108446804,0.249765731779909,0.37719115471877285,10,0.14333514457229898,0.0813541371892747,0.10692606785229432,0.07158672119813561,0.21317657898160056,0.8022899255282983,e0a1ec90e5fb444cc80dacad432cce89,0.0006196011743901941,-7.386434554022785,0.13498907819200667,-2.0025614060979056,0.0
69,0.27668890729675955,0.7332800689531491,0.494059068038207,0.6048284735371742,0.9831196123887479,0.36638774878708896,0.7609056044680632,0.331013901667656,298,0.12111107862483922,0.11825013060782125,0.19234701413434008,0.12397202664185718,1.056370662300191,1.3211020484072795,ffe12b4c68242a4c42288d691d8d07d4,,,,,1.0
70,0.27668890729675955,0.7332800689531491,0.494059068038207,0.6048284735371742,0.9831196123887479,0.36638774878708896,0.7609056044680632,0.331013901667656,78,0.11938994484542695,0.1149868966076871,0.1401270580794982,0.12379299308316677,0.23443105304881004,1.5892079653882656,a1c9eb7aadc837171a7018318b4f79c4,,,,,0.2361111111111111
71,0.27668890729675955,0.7332800689531491,0.494059068038207,0.6048284735371742,0.9831196123887479,0.36638774878708896,0.7609056044680632,0.331013901667656,10,0.14161119499841954,0.06992049263211485,0.09838383140667703,0.07484579645935066,0.2194525838165055,0.7709451447564799,018a430acb5869ad5bbc20e171c5d450,5.4201412100773885e-06,-12.125388689332295,0.03005238439300228,-3.5048132736278936,0.0
72,0.2808548016712469,0.6391740132318079,0.4944999781079759,0.5266349316302888,0.8345489305994351,0.74708404342422,0.6520047205118962,0.7728549046299829,298,0.13195509662814975,0.12518634970495265,0.18930409285266173,0.13872384355134687,1.0559942007277752,1.3842465637996757,a864d3fa38858b707fa2a627df2cc968,,,,,1.0
73,0.2808548016712469,0.6391740132318079,0.4944999781079759,0.5266349316302888,0.8345489305994351,0.74708404342422,0.6520047205118962,0.7728549046299829,78,0.1305249474703239,0.12697841764294526,0.14779057840337145,0.13407147729770252,0.23970649509995165,1.570557370770607,8627309f3da07b5dae970d36b690082d,,,,,0.2361111111111111
74,0.2808548016712469,0.6391740132318079,0.4944999781079759,0.5266349316302888,0.8345489305994351,0.74708404342422,0.6520047205118962,0.7728549046299829,10,0.14625099567431504,0.07679296391483728,0.1017526167230496,0.08356332433331579,0.22378580040069973,0.7481617359758397,91cca7330b673298ee3d019217a20602,0.00017366446941990965,-8.658385457051706,0.018010012394995556,-4.016827431565994,0.0
75,0.2896564375355464,0.613648030949777,0.1613865245604581,0.7142005245750094,0.8655432605854299,0.8734906492986889,0.8483881496382929,0.596251233942979,298,0.11774784538958866,0.10630137074661172,0.18485092855732865,0.1291943200325656,1.056628438229298,1.1660637738812083,1a9785d0c3e284eb780ea59dfb5da45a,,,,,1.0
76,0.2896564375355464,0.613648030949777,0.1613865245604581,0.7142005245750094,0.8655432605854299,0.8734906492986889,0.8483881496382929,0.596251233942979,78,0.08399337603738241,0.07581710579031248,0.13376354170549146,0.09216964628445236,0.2685342246308272,0.8304081137040573,65f56bf0be5f5fb2d0a68bb38bb42bc5,,,,,0.2361111111111111
77,0.2896564375355464,0.613648030949777,0.1613865245604581,0.7142005245750094,0.8655432605854299,0.8734906492986889,0.8483881496382929,0.596251233942979,10,0.1396525418904886,0.07114459754038202,0.10892820210881413,0.06356174963738895,0.20652656582296464,0.2725126841513955,8fc9357c25148c39fbe2a87b3bddb940,0.00011217722868983591,-9.095430538326909,0.041226415033008834,-3.1886760864922263,0.0
78,0.294614331813265,0.6624483053332452,0.36288997549005675,0.7351499368729615,0.44568294680609216,0.8197686557881668,0.509479431682213,0.3422885503462,298,0.1233512086861844,0.12767337129407652,0.1873651971577516,0.11902904607829225,1.057044620674156,1.061672221411612,53e8e0fa5173d2d8cdd2b37804236c34,,,,,1.0
79,0.294614331813265,0.6624483053332452,0.36288997549005675,0.7351499368729615,0.44568294680609216,0.8197686557881668,0.509479431682213,0.3422885503462,78,0.08545883998531631,0.08622196475692884,0.12645818648693127,0.08469571521370378,0.21972620814999788,0.7853534638412241,ee5fb7cb6d15bda0aed98239a5ca4a8e,,,,,0.2361111111111111
80,0.294614331813265,0.6624483053332452,0.36288997549005675,0.7351499368729615,0.44568294680609216,0.8197686557881668,0.509479431682213,0.3422885503462,10,0.1482231617475306,0.09342113987927064,0.1178961582976104,0.07487052079193593,0.2105888309034144,0.7710846535412377,e93a133828bbf55673145c99cf3869ff,0.0003647733973597411,-7.9162342263273935,0.019040317285998757,-3.9611965855771567,0.0
81,0.29473503755322783,0.7137409671784091,0.39596049997032706,0.6579283367118499,0.544436919320468,0.313313666989248,0.5951844773796711,0.35400642806116106,298,0.1332590314011231,0.1278992475814128,0.20160927160815184,0.1386188152208334,1.0582100895365472,1.4961428303175173,2320c3e2b068e409d0d4ba1881abb9a5,,,,,1.0
82,0.29473503755322783,0.7137409671784091,0.39596049997032706,0.6579283367118499,0.544436919320468,0.313313666989248,0.5951844773796711,0.35400642806116106,78,0.12061792108983455,0.11580192224561392,0.15114688715433602,0.12543391993405514,0.2327248918084685,1.5473487889965367,2d8b266bdbb0f871fee2625623d7c2cf,,,,,0.2361111111111111
83,0.29473503755322783,0.7137409671784091,0.39596049997032706,0.6579283367118499,0.544436919320468,0.313313666989248,0.5951844773796711,0.35400642806116106,10,0.1479995917289008,0.07486250468646731,0.11280516844843752,0.07853057439568911,0.21884554110327534,0.7214172932444546,3459ffa813b0c7925df3981382480e10,0.00047744969203988846,-7.647051760578452,0.07634281662100761,-2.572521336602855,0.0
84,0.3151782743423235,0.6776530547352589,0.49746415609677297,0.5906344847203202,0.532954056562947,0.550855099874296,0.5667292257470139,0.575515455832339,298,0.11595494495594293,0.11200405842476624,0.17807057465139206,0.11990583148711954,1.0515615821204132,1.1951182124636537,1c2ebbaf3e41039a316017e416c68e7a,,,,,1.0
85,0.3151782743423235,0.6776530547352589,0.49746415609677297,0.5906344847203202,0.532954056562947,0.550855099874296,0.5667292257470139,0.575515455832339,78,0.1046802619447252,0.10043452160444644,0.130275649306054,0.108926002285004,0.23044953821452185,1.3734365722055082,60de40218b9afccef61bd830e61da95b,,,,,0.2361111111111111
86,0.3151782743423235,0.6776530547352589,0.49746415609677297,0.5906344847203202,0.532954056562947,0.550855099874296,0.5667292257470139,0.575515455832339,10,0.13888993502727934,0.0673233040860976,0.0970258649115268,0.0680106828807349,0.2163654759149635,0.7885735223282679,b57ce311b216682d9132aec5337f662c,0.0004102075900500601,-7.7988472092059515,0.06368620301500982,-2.7537873330346683,0.0
87,0.3377771926383466,0.6785863971608029,0.19775459635535034,0.6940766985924958,0.800092585772978,0.292269942573521,0.9110054248324239,0.544377579105798,298,0.12665731149691814,0.1170520630701365,0.19074944625439005,0.1362625599236998,1.0562411914147043,1.3966708619704238,7b291744d506c3ef83ada6dfcdb30a75,,,,,1.0
88,0.3377771926383466,0.6785863971608029,0.19775459635535034,0.6940766985924958,0.800092585772978,0.292269942573521,0.9110054248324239,0.544377579105798,78,0.10871640796205563,0.10360518668039782,0.150770181929656,0.11382762924371345,0.2259295671100209,1.3337515467880583,7462e6f4c971d4ba1bb3e3bf938cfeba,,,,,0.2361111111111111
89,0.3377771926383466,0.6785863971608029,0.19775459635535034,0.6940766985924958,0.800092585772978,0.292269942573521,0.9110054248324239,0.544377579105798,10,0.14671611945760735,0.07392731832229578,0.11842115548319615,0.07128531615740323,0.21206598454089748,0.5458424017447991,805f2c6f9fa2182195d81649f467047d,0.00022696070175998173,-8.390733675469951,0.006147433356005649,-5.091720624761376,0.0
90,0.351789456362388,0.7701708163555491,0.600001421671002,0.549086543489385,0.9824641053990719,0.323536804954611,0.508566622680422,0.5673514843401699,298,0.10597011973074233,0.1151011123757444,0.17194022441025916,0.09683912708574023,1.055708682732558,0.9019975823623579,ce86c3eaf6f0b60f7f91f17ea8c57960,,,,,1.0
91,0.351789456362388,0.7701708163555491,0.600001421671002,0.549086543489385,0.9824641053990719,0.323536804954611,0.508566622680422,0.5673514843401699,78,0.08124642121817621,0.07658492028652109,0.1083181507147042,0.08590792214983134,0.2198647653558723,1.0987085517153778,d1234bca3cbd184d8e60ba6d5787124c,,,,,0.2361111111111111
92,0.351789456362388,0.7701708163555491,0.600001421671002,0.549086543489385,0.9824641053990719,0.323536804954611,0.508566622680422,0.5673514843401699,10,0.12782268079599665,0.06016589199325989,0.08233311612938808,0.05542215079515528,0.20832657516349976,0.6583390172838803,f8cbc5960a72abde6058626a13aa9b9d,0.000385815657530042,-7.860150873738568,0.07739438928197727,-2.5588409909109093,0.0
93,0.36111799233434816,0.7262041572593971,0.26391778229998947,0.6205302661924893,0.324239291800094,0.24024081452538895,0.800121982124193,0.7967085938947547,298,0.11994236019164654,0.10989830233526243,0.18417236906283305,0.12998641804803066,1.0568500502402334,1.1973979090200653,50ec819323937dcaac44f2035a76b82e,,,,,1.0
94,0.36111799233434816,0.7262041572593971,0.26391778229998947,0.6205302661924893,0.324239291800094,0.24024081452538895,0.800121982124193,0.7967085938947547,78,0.08587499424179595,0.07667010762256021,0.1280997822872675,0.09507988086103172,0.3055015877297765,0.8309397360780979,3e67ff1d28d1ae88666134643f7b24b4,,,,,0.2361111111111111
95,0.36111799233434816,0.7262041572593971,0.26391778229998947,0.6205302661924893,0.324239291800094,0.24024081452538895,0.800121982124193,0.7967085938947547,10,0.13428096978973486,0.05807763838589215,0.09730042026661287,0.06365305648697492,0.2079693304895074,0.3084281314560925,65a6ff52f44d779b423b8465d60e23f2,0.00017117708381997332,-8.672811959407916,0.07890331712198417,-2.5395320099103245,0.0
96,0.36137304511713664,0.7051466011232229,0.542930755991657,0.557112051891589,0.3025220509628301,0.45414578276447604,0.5057375422264939,0.7512083805320569,298,0.11263402398911575,0.11268800371812368,0.1715523697048113,0.1125800442601078,1.0591303135870045,1.005676903929403,15784d94263f7d1ddfd252cdfe8f34ce,,,,,1.0
97,0.36137304511713664,0.7051466011232229,0.542930755991657,0.557112051891589,0.3025220509628301,0.45414578276447604,0.5057375422264939,0.7512083805320569,78,0.09058397774104153,0.08602884895858136,0.11632300662822093,0.09513910652350166,0.2259931620146265,1.1690428998579117,5a7d11ae66d887ea477cd198b73da51f,,,,,0.2361111111111111
98,0.36137304511713664,0.7051466011232229,0.542930755991657,0.557112051891589,0.3025220509628301,0.45414578276447604,0.5057375422264939,0.7512083805320569,10,0.1363366557882865,0.0698689988449148,0.0928988222996752,0.06780339048489245,0.21352471983858926,0.8247726427301616,dd95353f818c6709076eee70e8834a84,0.0006663622768199318,-7.313677076126969,0.12231562984101176,-2.10115044526402,0.0
99,0.3845462303269511,0.755805146847766,0.5510601263866604,0.48409918302545285,0.15778092762494206,0.5267832544011649,0.873425923851486,0.6774092422729929,298,0.1021628234715137,0.11248390739364886,0.17410016084093652,0.09184173954937852,1.0545000582001622,0.6935251178298271,a13594a1a104dce2c91b7be25067262a,,,,,1.0
100,0.3845462303269511,0.755805146847766,0.5510601263866604,0.48409918302545285,0.15778092762494206,0.5267832544011649,0.873425923851486,0.6774092422729929,78,0.07139859431083262,0.06443817008295377,0.0931993876331638,0.07835901853871148,0.22399778304928372,0.90113130917383,7fedb7ccc764ca2373ebc6d26cd59476,,,,,0.2361111111111111
101,0.3845462303269511,0.755805146847766,0.5510601263866604,0.48409918302545285,0.15778092762494206,0.5267832544011649,0.873425923851486,0.6774092422729929,10,0.11421001015676308,0.0388403825046097,0.0600031735366266,0.047854081719373484,0.20384823579928532,0.4218599556918667,943b56edcc279af0a6cacec1abfaf725,4.014163264010051e-05,-10.123096541778477,0.047364953067983606,-3.049872710513705,0.0
102,0.3857377343043362,0.6478898573311839,0.40986747031673604,0.5433750678135668,0.32562465879049296,0.821912336417736,0.7761832437430798,0.7817777256019068,298,0.12086911469858015,0.11302946872060247,0.18642882242396236,0.1287087606765578,1.0548407977320815,1.1487819774833437,21d56fb820d9ec83576180c3857b13fc,,,,,1.0
103,0.3857377343043362,0.6478898573311839,0.40986747031673604,0.5433750678135668,0.32562465879049296,0.821912336417736,0.7761832437430798,0.7817777256019068,78,0.10001771042747916,0.09338366328593076,0.12848579485391065,0.1066517575690276,0.2262266369160785,1.0788875513016276,0fd4251b30a88ef1337cddebeb18cf6f,,,,,0.2361111111111111
104,0.3857377343043362,0.6478898573311839,0.40986747031673604,0.5433750678135668,0.32562465879049296,0.821912336417736,0.7761832437430798,0.7817777256019068,10,0.1326898083008255,0.05165916767989305,0.08925189377960889,0.06557020128200919,0.21316528473197927,0.4630632378903779,58da7052b175bc7c90bbc07abc453a84,0.00027632606877991955,-8.193928980938239,0.07758723529201461,-2.5563523589831347,0.0
105,0.38997984488059334,0.6341718449314713,0.462456767104426,0.6538967152916576,0.7381669925333508,0.933361824952447,0.503207700597021,0.331189770590592,298,0.12217992449485535,0.11974432053407252,0.1947565176954276,0.12461552845563816,1.0556882569901431,1.3831980090725426,e1c2592f86752bd003a106df7bea53c1,,,,,1.0
106,0.38997984488059334,0.6341718449314713,0.462456767104426,0.6538967152916576,0.7381669925333508,0.933361824952447,0.503207700597021,0.331189770590592,78,0.1154218434964632,0.11165915204508536,0.14647686844955288,0.119184534947841,0.2286428773759845,1.5812295182776912,ab9d6dabbe44eb9c07143cb5e9ccd77c,,,,,0.2361111111111111
107,0.38997984488059334,0.6341718449314713,0.462456767104426,0.6538967152916576,0.7381669925333508,0.933361824952447,0.503207700597021,0.331189770590592,10,0.14589214974834575,0.0742720329216025,0.111156148756289,0.07337450959608335,0.2166625899851539,0.7462049897512105,0dbeb9037f32e7cff3937d56cf7cb2e6,0.00010891211994001893,-9.12496924000305,0.0439416942340074,-3.1248916548717087,0.0
108,0.3978282468871237,0.6707986927805861,0.46172304625261246,0.5547420294663021,0.937106744898097,0.523846011429598,0.921773731552207,0.8582916200385811,298,0.09560405543236816,0.09722603318192748,0.1566676631201138,0.0939820776828088,1.0535648537410922,0.8832621678059156,19d20e38076536210fa1f8fb2fae27a7,,,,,1.0
109,0.3978282468871237,0.6707986927805861,0.46172304625261246,0.5547420294663021,0.937106744898097,0.523846011429598,0.921773731552207,0.8582916200385811,78,0.08265338689395188,0.07855636056995988,0.11091697200900663,0.08675041321794387,0.21973830281591336,1.1040094302283954,d69ca5a4a4303765f08c32e20afc089a,,,,,0.2361111111111111
110,0.3978282468871237,0.6707986927805861,0.46172304625261246,0.5547420294663021,0.937106744898097,0.523846011429598,0.921773731552207,0.8582916200385811,10,0.12751318981219056,0.05817551036687042,0.08375951427268376,0.05116364394117463,0.2076886716807813,0.5719105148529149,58e89c42a42f8419fc3bbc41dba30ea5,0.00029903485802007523,-8.114950409361802,0.019000164944003476,-3.9633076185900378,0.0
111,0.40030941800735764,0.6677175853976561,0.32980324010112616,0.8705552066803016,0.826872417205389,0.8660040256986921,0.9185326337580231,0.0657187810236604,298,0.12940604494508967,0.14828550126373796,0.2019883784366988,0.1105265886264414,1.061606249185741,0.9836668402030448,768cab04960c28a5bac9b0f05ba07f94,,,,,1.0
112,0.40030941800735764,0.6677175853976561,0.32980324010112616,0.8705552066803016,0.826872417205389,0.8660040256986921,0.9185326337580231,0.0657187810236604,78,0.10311861977122763,0.10796616363342168,0.1442359996987227,0.09827107590903364,0.2179843378904847,1.2343526362851318,711b539d425101fdb540bc055cc864a8,,,,,0.2361111111111111
113,0.40030941800735764,0.6677175853976561,0.32980324010112616,0.8705552066803016,0.826872417205389,0.8660040256986921,0.9185326337580231,0.0657187810236604,10,0.15425451107952556,0.10588289156711314,0.1300110774748874,0.07833434891543492,0.2095708901032894,0.8143859720527737,b8bd0670004e162877b7b9a41d802cd9,0.0006776643618402468,-7.296858434130952,0.025432715800008054,-3.671718910126116,0.0
114,0.4122273427620913,0.6613360023402969,0.45185584445874705,0.600933716524463,0.956771692617418,0.7546070573216809,0.993300313211092,0.43974916639889694,298,0.1057659840350243,0.10931406812439347,0.17506623281869185,0.1022178999456551,1.055648310958019,1.0531564872481776,99750e85c56b8e80c3c7b164f0604409,,,,,1.0
115,0.4122273427620913,0.6613360023402969,0.45185584445874705,0.600933716524463,0.956771692617418,0.7546070573216809,0.993300313211092,0.43974916639889694,78,0.0985552419409377,0.09448934671256598,0.12586026390378838,0.10262113716930944,0.22411890409495036,1.3707755092237417,99a15b77cd83c7f86e27186e4dbf6198,,,,,0.2361111111111111
116,0.4122273427620913,0.6613360023402969,0.45185584445874705,0.600933716524463,0.956771692617418,0.7546070573216809,0.993300313211092,0.43974916639889694,10,0.13332058047837933,0.0629383123146203,0.09236247588556193,0.05811192876109988,0.2106764150414564,0.6691964861664145,29806a4b1d40b68036dafdb4e33a73ad,0.0001001555001800547,-9.208786577939046,0.01703059022599973,-4.072744126892864,0.0
117,0.46177401980650323,0.656216613225924,0.5218043561239641,0.6344579210046013,0.398708564219443,0.579003303514076,0.22424034558092001,0.527635101562024,298,0.1283858475418735,0.12556880849151764,0.19249106845090125,0.13120288659222934,1.0518528271903331,1.4248564999467033,4eca62575c004a862dd0f1e03618d63d,,,,,1.0
118,0.46177401980650323,0.656216613225924,0.5218043561239641,0.6344579210046013,0.398708564219443,0.579003303514076,0.22424034558092001,0.527635101562024,78,0.11800925287629885,0.11499495123451878,0.15245275622803986,0.12102355451807888,0.2360467097197304,1.5347582594444784,b1d19081d7831455a40d0c3f681eb749,,,,,0.2361111111111111
119,0.46177401980650323,0.656216613225924,0.5218043561239641,0.6344579210046013,0.398708564219443,0.579003303514076,0.22424034558092001,0.527635101562024,10,0.1529442133184544,0.08774166359331484,0.12190485386620335,0.07972496126678963,0.21858902321490656,0.9406276846595316,2438ba191588dece732b3c4f9d90378a,0.00029961794908994754,-8.113002397935688,0.049667958622990234,-3.0023952494996804,0.0
120,0.49003358604152014,0.651682652379518,0.4941138408870559,0.6440025126531449,0.7193219597817092,0.9595547863136442,0.264772742016628,0.593443265096253,298,0.10644960105827042,0.11691411028375195,0.17112442461717345,0.09598509183278893,1.0539011438620267,0.7108677606336983,9d3bc167e94802da32736c41d82c57bc,,,,,1.0
121,0.49003358604152014,0.651682652379518,0.4941138408870559,0.6440025126531449,0.7193219597817092,0.9595547863136442,0.264772742016628,0.593443265096253,78,0.07476014712117676,0.07961094045977764,0.11505741309802135,0.06990935378257587,0.21247116348108894,0.5856018156556839,ef5b214bf03f5028bdfe356fdef6ce27,,,,,0.2361111111111111
122,0.49003358604152014,0.651682652379518,0.4941138408870559,0.6440025126531449,0.7193219597817092,0.9595547863136442,0.264772742016628,0.593443265096253,10,0.14199276401391348,0.08743353740101288,0.11134863627612863,0.06603992428385698,0.2052649083374376,0.6512728175771332,442ff13a08208b6824a3724e38feca52,0.00021592285640981146,-8.440589360322893,0.017934844404976502,-4.021009843531677,0.0
123,0.4921186747921209,0.6012612474802639,0.16220036177766856,0.6701942593952358,0.8153492882914741,0.740941373790988,0.9177988299066949,0.566727724238244,298,0.12267826399197986,0.1166627055536477,0.20436576724562533,0.12869382243031194,1.05806137025506,1.3024878554227728,50b2dd76caa31ed582fde81092f98684,,,,,1.0
124,0.4921186747921209,0.6012612474802639,0.16220036177766856,0.6701942593952358,0.8153492882914741,0.740941373790988,0.9177988299066949,0.566727724238244,78,0.11623712074046312,0.11085880168775616,0.16001139931157102,0.12161543979317008,0.22185073605909544,1.4060199418205432,c9b8e024ff335849ac9846438519f09d,,,,,0.2361111111111111
125,0.4921186747921209,0.6012612474802639,0.16220036177766856,0.6701942593952358,0.8153492882914741,0.740941373790988,0.9177988299066949,0.566727724238244,10,0.14692990130349978,0.06922312018171534,0.12201636980415595,0.07391154493446148,0.20952471717554927,0.5765857691302663,d00d2054e6316eb651a562b916caf9c7,0.0005806081818999775,-7.4514344143270215,0.08485937287798606,-2.4667598293132045,0.0
126,0.5015739415051375,0.6423876825995719,0.3279533744508189,0.6635109354887233,0.400561551921113,0.6839521727527161,0.5358829173797811,0.652770932234486,298,0.11373515648460067,0.11268346998651345,0.17701636803506635,0.1147868429826879,1.0529806487271145,1.0027234022638734,92e20f92f7cd15430b62b479bc2c840b,,,,,1.0
127,0.5015739415051375,0.6423876825995719,0.3279533744508189,0.6635109354887233,0.400561551921113,0.6839521727527161,0.5358829173797811,0.652770932234486,78,0.08672149574201983,0.08610884375711908,0.13000782340701186,0.08733414772692055,0.21591823773351387,0.9497583692543594,487234091d135604500beca3d12b7b35,,,,,0.2361111111111111
128,0.5015739415051375,0.6423876825995719,0.3279533744508189,0.6635109354887233,0.400561551921113,0.6839521727527161,0.5358829173797811,0.652770932234486,10,0.14613621532789675,0.08962567183088282,0.11748816849194002,0.0694612657442859,0.20808063543400968,0.6414633288233176,f70b9606a435d2698cf18b155ce65d92,0.00014289612582985,-8.853392584453696,0.04671796244898019,-3.0636265533785156,0.0
129,0.5094140540840666,0.6195039598178239,0.25871674045236087,0.6364132137222462,0.788093662330424,0.527904600108598,0.612013197798639,0.7555318279688447,298,0.11775473447080492,0.11116288398113458,0.18988169496814333,0.12434658496047525,1.0571108827121158,1.2903799362646513,d7fc6644ebb7749fca14df2d90b9c901,,,,,1.0
130,0.5094140540840666,0.6195039598178239,0.25871674045236087,0.6364132137222462,0.788093662330424,0.527904600108598,0.612013197798639,0.7555318279688447,78,0.11106995175658066,0.10593939914487392,0.15294875853998124,0.1162005043682874,0.2235648161518632,1.4162870715321183,d5263ca7c8dde38623eb289dfe51872b,,,,,0.2361111111111111
131,0.5094140540840666,0.6195039598178239,0.25871674045236087,0.6364132137222462,0.788093662330424,0.527904600108598,0.612013197798639,0.7555318279688447,10,0.14552927212393174,0.07133596932824042,0.11844065853717685,0.06969993373084288,0.2101235460078817,0.5780468810697836,24c54c0457dd01a803a782fe542799f6,0.00025135352718996806,-8.288650134942381,0.055688412709997685,-2.887983184031366,0.0
132,0.5278621160336368,0.7086154136911641,0.5005629346603835,0.5105438759444221,0.9179751563445391,0.29157544977190397,0.758922397335159,0.9583287019644979,298,0.10129208535699936,0.1027030358232684,0.16269320710859855,0.09988113489073028,1.060118933929263,1.080315447861657,a69e35f07c91dcefa8d56cc87701750a,,,,,1.0
133,0.5278621160336368,0.7086154136911641,0.5005629346603835,0.5105438759444221,0.9179751563445391,0.29157544977190397,0.758922397335159,0.9583287019644979,78,0.09849210196314796,0.09469239643777068,0.1226908589645034,0.10229180748852523,0.22455258636374426,1.3945071063125214,f80e84b9c801618a52c1fd30b2fbc57d,,,,,0.2361111111111111
134,0.5278621160336368,0.7086154136911641,0.5005629346603835,0.5105438759444221,0.9179751563445391,0.29157544977190397,0.758922397335159,0.9583287019644979,10,0.13171135317656885,0.06021748858487791,0.08902167643877269,0.057384440649358576,0.21085622419409028,0.6786124476788198,37763f0b948f0ecdb65c468940efac77,0.00014628265105987026,-8.829969841659798,0.07810953199000893,-2.5496431810561693,0.0
135,0.5280178425586817,0.685471246906313,0.45492286947377597,0.49748693661860427,0.5238946436320151,0.5836425771277021,0.970237061962553,0.7814362378989601,298,0.10948604357821763,0.10719762874451023,0.17924703271059778,0.111774458411925,1.056669104611865,1.0689029373744738,692621f52340769c67b4782418c5f0d1,,,,,1.0
136,0.5280178425586817,0.685471246906313,0.45492286947377597,0.49748693661860427,0.5238946436320151,0.5836425771277021,0.970237061962553,0.7814362378989601,78,0.09932700886691034,0.09435446676652183,0.12444953016052053,0.10429955096729886,0.2227562133913088,1.281421977841856,e026039ef8c64ef17a4b9b99d45f48cd,,,,,0.2361111111111111
137,0.5280178425586817,0.685471246906313,0.45492286947377597,0.49748693661860427,0.5238946436320151,0.5836425771277021,0.970237061962553,0.7814362378989601,10,0.1269505010171732,0.0491109134214217,0.08207156524532047,0.055799639712091516,0.20907704901423424,0.4593593805005197,c04eacf63edd23a01c07326abd210afb,0.0005023832911099646,-7.596147201504342,0.07368780420199528,-2.6079179724217156,0.0
138,0.5336056502456756,0.666302579665031,0.4875332110343289,0.6375126518741774,0.817235430995381,0.6879479736208929,0.45894909126148603,0.37458557699836403,298,0.11462331729593613,0.12372974380841276,0.18521675009210103,0.1055168907834595,1.0540827037721114,1.1095916314674823,b7c99ee744b65081e0922ddd5898b73c,,,,,1.0
139,0.5336056502456756,0.666302579665031,0.4875332110343289,0.6375126518741774,0.817235430995381,0.6879479736208929,0.45894909126148603,0.37458557699836403,78,0.10139960465813556,0.09967495185064476,0.13761028824811986,0.10312425746562633,0.22235599264744632,1.3869081949889903,957e62db149c076aae2fc427b5c93278,,,,,0.2361111111111111
140,0.5336056502456756,0.666302579665031,0.4875332110343289,0.6375126518741774,0.817235430995381,0.6879479736208929,0.45894909126148603,0.37458557699836403,10,0.14266539898444558,0.08321508669594592,0.11135457207274588,0.06340319978616328,0.2086543537678408,0.7114924447447629,0c26ac6fe06c9d59bbc51d745585736a,0.00038548056315002016,-7.8610197860763185,0.03557686642199087,-3.3360596719554216,0.0
141,0.5596610617787059,0.7501789530486979,0.3205988952471875,0.67776895216671,0.4753183504047721,0.21104247206194396,0.41796817461107305,0.6060127118389661,298,0.11249256855388784,0.1213144616674659,0.1787326268472676,0.10367067544030976,1.055657638917368,0.8354562599180928,225dea1d638ca6c3d5695be5a9d6e633,,,,,1.0
142,0.5596610617787059,0.7501789530486979,0.3205988952471875,0.67776895216671,0.4753183504047721,0.21104247206194396,0.41796817461107305,0.6060127118389661,78,0.08838039918269175,0.09309602431625193,0.1308708925885381,0.08366477404913156,0.2092755750257092,0.7538385872673063,6b1b72e1da65ab3f85e91998efc82d2d,,,,,0.2361111111111111
143,0.5596610617787059,0.7501789530486979,0.3205988952471875,0.67776895216671,0.4753183504047721,0.21104247206194396,0.41796817461107305,0.6060127118389661,10,0.15099693675961207,0.10008237843977567,0.12545746305811206,0.07746023518441787,0.2076492254348697,0.8175129384651484,8960a3563ea2f334a68abc2e5de45390,2.8330473240245624e-05,-10.471572539699222,0.013310508323996828,-4.3192014561701315,0.0
144,0.5709451507291163,0.6531462051064679,0.45740304181292973,0.5134902015783498,0.683903500962514,0.9276488694771491,0.6712151347614549,0.500289874805548,298,0.13828741592727267,0.13498201112536876,0.2201921546641348,0.14159282072917662,1.059262860651207,1.4205607555838615,06a8f7f01b7a7625ecfb285d095f2487,,,,,1.0
145,0.5709451507291163,0.6531462051064679,0.45740304181292973,0.5134902015783498,0.683903500962514,0.9276488694771491,0.6712151347614549,0.500289874805548,78,0.13441502174818193,0.1299691688162151,0.16062096048417307,0.1388608746801488,0.2339321527346864,1.5826709662131888,eac133849c1f104324d7a57ed7a9800e,,,,,0.2361111111111111
146,0.5709451507291163,0.6531462051064679,0.45740304181292973,0.5134902015783498,0.683903500962514,0.9276488694771491,0.6712151347614549,0.500289874805548,10,0.14879317199643655,0.07896822473118129,0.11357305191929225,0.0875094401325887,0.2167904618558566,0.9039511892772156,e52b9f11da268a40d753c50cd39783e1,0.00031419822959999344,-8.065486466786275,0.03843530598200573,-3.258778815187474,0.0
147,0.5834407573175637,0.642509742964145,0.5318038022521203,0.6005949002004027,0.945839462232937,0.7849918150074779,0.35871138613755704,0.7162701251233549,298,0.10571131157746907,0.12458618238857405,0.16560251864331793,0.08683644076636414,1.051228004168927,0.686576250400385,59b3147659f0893ebab1614596ba2ea5,,,,,1.0
148,0.5834407573175637,0.642509742964145,0.5318038022521203,0.6005949002004027,0.945839462232937,0.7849918150074779,0.35871138613755704,0.7162701251233549,78,0.08894947292054545,0.09605175528679057,0.12631260866775618,0.08184719055430033,0.2149744864458724,0.9808295235330428,b4f8e76485c21784a6a40a383fd70bdf,,,,,0.2361111111111111
149,0.5834407573175637,0.642509742964145,0.5318038022521203,0.6005949002004027,0.945839462232937,0.7849918150074779,0.35871138613755704,0.7162701251233549,10,0.14843677200071606,0.1001762650723054,0.11978528185631143,0.07105622345770903,0.20849852601297508,0.9124255059832246,2d73270f5cd84340a4a2409578cf23f3,9.52462769099327e-05,-9.259044632281164,0.042848201655004914,-3.150091603196993,0.0
150,0.5873871171735665,0.7089266910692756,0.4808595830121572,0.5827710121355127,0.12693769154499807,0.46724618726249395,0.4439393270908051,0.6811327458707961,298,0.11588969897797112,0.12036810949247735,0.1803661763831545,0.11141128846346493,1.0518911414620338,0.963319412854238,6da6ed570735c97382ee38205d187848,,,,,1.0
151,0.5873871171735665,0.7089266910692756,0.4808595830121572,0.5827710121355127,0.12693769154499807,0.46724618726249395,0.4439393270908051,0.6811327458707961,78,0.08255810701882077,0.0778535308415879,0.11827450746047093,0.08726268319605365,0.21721554274115368,0.9550241246227712,0bd4ba10e82d3fc911b8a0b5518aa1df,,,,,0.2361111111111111
152,0.5873871171735665,0.7089266910692756,0.4808595830121572,0.5827710121355127,0.12693769154499807,0.46724618726249395,0.4439393270908051,0.6811327458707961,10,0.1380326093758736,0.07676955795460047,0.10126936729320518,0.06444288744291557,0.2085090447970998,0.6172321420896094,d318831f17835fd785b041634f386b41,0.00017421176472964817,-8.655238960064837,0.021073511666998,-3.8597383983709963,0.0
153,0.5944864375425185,0.7302572117732091,0.4491776606134494,0.5557182715930862,0.47956462058816807,0.422043128570867,0.981142961312855,0.4689941747214771,298,0.10868053832534852,0.11879477211881227,0.18207227308269455,0.09856630453188478,1.0505292635855292,1.04821716696455,a72e3df39af25663e3186203dc864467,,,,,1.0
154,0.5944864375425185,0.7302572117732091,0.4491776606134494,0.5557182715930862,0.47956462058816807,0.422043128570867,0.981142961312855,0.4689941747214771,78,0.09413724367352096,0.09020551786184486,0.12479944435415495,0.09806896948519707,0.2198568356424494,1.3276017450909394,caa279462daec4f3b9590a8cc085e755,,,,,0.2361111111111111
155,0.5944864375425185,0.7302572117732091,0.4491776606134494,0.5557182715930862,0.47956462058816807,0.422043128570867,0.981142961312855,0.4689941747214771,10,0.13076453327708548,0.0627692253531978,0.09128794246820196,0.05491173151360232,0.20620315150781174,0.590422822487148,ae0f4d17096f2de68544e13b3e921fc8,0.000479039843479967,-7.6437267834699405,0.08895903909998992,-2.419579250022128,0.0
156,0.6027140969997342,0.645020204789389,0.4858368656561441,0.674925923664173,0.9650175081916691,0.9347875501806769,0.336450457382724,0.370971896680291,298,0.11448069950032624,0.1392127093633389,0.18130178345191175,0.0897486896373136,1.0544902965893963,0.6812073709379761,dc282c3035e67f4297ff007779f969cf,,,,,1.0
157,0.6027140969997342,0.645020204789389,0.4858368656561441,0.674925923664173,0.9650175081916691,0.9347875501806769,0.336450457382724,0.370971896680291,78,0.09560743492101652,0.10631430304491186,0.13656851335391826,0.08490056679712119,0.21219354456997752,1.0493189116537052,4948fe1525e4c6a69157d97f488130ca,,,,,0.2361111111111111
158,0.6027140969997342,0.645020204789389,0.4858368656561441,0.674925923664173,0.9650175081916691,0.9347875501806769,0.336450457382724,0.370971896680291,10,0.1516352884369703,0.10747817145175907,0.12849708522344272,0.07267908181768254,0.2055518225516226,0.8860250569831103,f6fd338f7ba2804b0ede1177501730b6,0.00037506730282022005,-7.8884050739101745,0.09024822905098516,-2.40519130466544,0.0
159,0.6232252504975859,0.6667098901365222,0.43607950725409894,0.5663707880967913,0.620864525072581,0.761859884139967,0.7917105105060641,0.6808049092075379,298,0.09933267026744078,0.11583004035520995,0.1660604065056102,0.08283530017967157,1.0565232837017613,0.6803238431744377,05d176ae0ff27165727ac84e4b2cd566,,,,,1.0
160,0.6232252504975859,0.6667098901365222,0.43607950725409894,0.5663707880967913,0.620864525072581,0.761859884139967,0.7917105105060641,0.6808049092075379,78,0.07399157762611508,0.07740570017763042,0.11101291033805,0.07057745507459974,0.2077933072537476,0.8705248390781569,5fe2bf293ace8dc3f4a470a7e9e86ba2,,,,,0.2361111111111111
161,0.6232252504975859,0.6667098901365222,0.43607950725409894,0.5663707880967913,0.620864525072581,0.761859884139967,0.7917105105060641,0.6808049092075379,10,0.13109330355123447,0.07427959243749825,0.09640579028836982,0.04869018582605289,0.20058502402382855,0.457501058248872,ab88be6fc235b12eec25187e01a2c430,0.0001811267898701452,-8.61631327541148,0.02363075716399976,-3.7452061458083183,0.0
162,0.6433891101234916,0.6729848702980199,0.2675558188484494,0.603179564399027,0.21151868988622505,0.305669077525297,0.572939126902027,0.8528803381304291,298,0.12862375687826091,0.12084749784591375,0.1937155194858578,0.13640001591060807,1.0610732187280754,1.4680780502885329,d44213971e8339f3beba9887dcd3c97d,,,,,1.0
163,0.6433891101234916,0.6729848702980199,0.2675558188484494,0.603179564399027,0.21151868988622505,0.305669077525297,0.572939126902027,0.8528803381304291,78,0.11475226372971985,0.10966903562674812,0.1545968278190795,0.11983549183269157,0.2258977446594076,1.4638215187805057,9ec7a399dde1dbaa4b2024fe756c10b6,,,,,0.2361111111111111
164,0.6433891101234916,0.6729848702980199,0.2675558188484494,0.603179564399027,0.21151868988622505,0.305669077525297,0.572939126902027,0.8528803381304291,10,0.14865362771821689,0.07468858243184168,0.12046658011644593,0.07524783958040718,0.21368338367603404,0.6209199954928566,91ee3abb645ed428cd3b7fd75d8a039e,5.514957148000654e-05,-9.805461582376427,0.04563669172799223,-3.0870432428558265,0.0
165,0.7194338466350967,0.7455132464886178,0.46152740804891645,0.490549901075539,0.8718042723643799,0.385236638674515,0.875532184803227,0.7592878782754768,298,0.0973158967379576,0.12449208639043348,0.17274281275488831,0.07013970708548171,1.0497045540270515,0.5863283536762801,e8afeab81c6acb31533450c47b65f6a7,,,,,1.0
166,0.7194338466350967,0.7455132464886178,0.46152740804891645,0.490549901075539,0.8718042723643799,0.385236638674515,0.875532184803227,0.7592878782754768,78,0.07509131054230406,0.0843004870988256,0.11175875107984684,0.06588213398578252,0.2033273482969406,0.8224505589754612,80ef2b271002f3b0201d8206fe1908af,,,,,0.2361111111111111
167,0.7194338466350967,0.7455132464886178,0.46152740804891645,0.490549901075539,0.8718042723643799,0.385236638674515,0.875532184803227,0.7592878782754768,10,0.12470025330789462,0.0723643036681519,0.09028498770852902,0.034554086371442805,0.19473604805130887,0.18545912604483905,dc272cc15ae4ef86ec91d060ae391cbc,0.00013270755813987734,-8.927362661655179,0.027820411799012845,-3.581985290331373,0.0
168,0.723912008050009,0.706452759765161,0.5577591376968553,0.6218814050294038,0.43667747861600303,0.4595774321405949,0.16884708905071097,0.4366740210196631,298,0.1217846944093582,0.13828379243533262,0.19610281220605655,0.1052855963833838,1.0505506325129037,1.0069062410258056,5df4e9c5937d22b4ef51554477cf06ad,,,,,1.0
169,0.723912008050009,0.706452759765161,0.5577591376968553,0.6218814050294038,0.43667747861600303,0.4595774321405949,0.16884708905071097,0.4366740210196631,78,0.10172970054783244,0.10575767555995982,0.14237938712947568,0.0977017255357051,0.2166983514017297,1.2938539465855574,868ae24b2a41fce96f7a9fbb463b10e1,,,,,0.2361111111111111
170,0.723912008050009,0.706452759765161,0.5577591376968553,0.6218814050294038,0.43667747861600303,0.4595774321405949,0.16884708905071097,0.4366740210196631,10,0.1499530630053158,0.10074600483447202,0.12582461556635655,0.07161432163134586,0.2059679603304785,0.706318407603831,b259117c500fcabda09940a93f635446,0.0007583891572400248,-7.184313904013816,0.14951334691701845,-1.9003696130994407,0.0
171,0.73574788602411,0.699490191995484,0.4283882215129845,0.5856706400717799,0.44438008098363907,0.618243962088908,0.774912833051284,0.507011911493681,298,0.10981892364272712,0.13262968778579842,0.18088697387736566,0.08700815949965585,1.0552433926066225,0.6515492304461638,56b81447a16e8914d9a71051c6802165,,,,,1.0
172,0.73574788602411,0.699490191995484,0.4283882215129845,0.5856706400717799,0.44438008098363907,0.618243962088908,0.774912833051284,0.507011911493681,78,0.08340631608720417,0.09256481673837877,0.12144966316540615,0.07424781543602957,0.20740281704610847,0.9110393476044699,db3ccb63a321fe26553c8de03d89ec37,,,,,0.2361111111111111
173,0.73574788602411,0.699490191995484,0.4283882215129845,0.5856706400717799,0.44438008098363907,0.618243962088908,0.774912833051284,0.507011911493681,10,0.14057717110010906,0.09188407144273236,0.11181767455462197,0.060429307068495676,0.20154690856784369,0.7204755786942925,d09e649bdc874a6e6c3cfdb315b8b94d,0.0008507312217598263,-7.069414317398326,0.13942328057800069,-1.9702407890185265,0.0
174,0.740387624870805,0.661822580064062,0.4253899997073511,0.5738169995178728,0.3569922455998,0.44034400148747,0.4132977517978461,0.9951724155663322,298,0.10365573469826556,0.1134125170358916,0.16710867583793354,0.0938989523606395,1.0567565847527485,0.8592384837252611,0629905dfc304b9274e670bc08b6298c,,,,,1.0
175,0.740387624870805,0.661822580064062,0.4253899997073511,0.5738169995178728,0.3569922455998,0.44034400148747,0.4132977517978461,0.9951724155663322,78,0.08950139035131599,0.09099010130189328,0.1304474411979259,0.0880126794007387,0.21561665683165734,1.09759696498918,1bc330fb5e6483b10837e4911663135c,,,,,0.2361111111111111
176,0.740387624870805,0.661822580064062,0.4253899997073511,0.5738169995178728,0.3569922455998,0.44034400148747,0.4132977517978461,0.9951724155663322,10,0.14451865044198464,0.09006093700382675,0.11619191854377732,0.06533171549028725,0.20625654443765573,0.6528530678849349,210dd66abeb38518421bb47efa25d3fc,0.000279080762319861,-8.184009347350957,0.03883550601199204,-3.2484203474029063,0.0
177,0.7451253951658412,0.686032128147312,0.5651730005898614,0.5512609290394541,0.6449881041900711,0.8411193419741709,0.47812413557565286,0.3945218370434731,298,0.1267353614078517,0.15040786056580618,0.194205439965228,0.1030628622498972,1.058708643181427,1.0790282015689503,a599af8cc4dc2aaa61dd20f8bb5273eb,,,,,1.0
178,0.7451253951658412,0.686032128147312,0.5651730005898614,0.5512609290394541,0.6449881041900711,0.8411193419741709,0.47812413557565286,0.3945218370434731,78,0.10922782317100768,0.11158956567437207,0.1407903249555041,0.10686608066764328,0.2226936510461296,1.4960549725584609,f6922f7b8f8877783f39e70c4597b5c4,,,,,0.2361111111111111
179,0.7451253951658412,0.686032128147312,0.5651730005898614,0.5512609290394541,0.6449881041900711,0.8411193419741709,0.47812413557565286,0.3945218370434731,10,0.1478379085835098,0.09925471682406513,0.11984469729399864,0.0679341786806984,0.20795285028858496,0.8267158542804601,65e9d2735514c87c42024da079dc3b9e,0.0001856728783100614,-8.591524151375715,0.04761672384299232,-3.044571238211309,0.0
180,0.7521944738202428,0.6690629209994289,0.33393337297334913,0.6223856409505337,0.16983972333308697,0.443581759492313,0.643541314168076,0.5247283079220779,298,0.12107221489092493,0.12213284336183505,0.1935922023228248,0.12001158642001485,1.0593818680677232,1.3252205220705222,fe925175047044a11fc40fa6f964edc6,,,,,1.0
181,0.7521944738202428,0.6690629209994289,0.33393337297334913,0.6223856409505337,0.16983972333308697,0.443581759492313,0.643541314168076,0.5247283079220779,78,0.11610672552280307,0.11316692564183735,0.1546759388673323,0.1190465254037688,0.2268383406245193,1.5913657211096581,99d77315d642a7ad1b590c593a69285a,,,,,0.2361111111111111
182,0.7521944738202428,0.6690629209994289,0.33393337297334913,0.6223856409505337,0.16983972333308697,0.443581759492313,0.643541314168076,0.5247283079220779,10,0.15190954322993008,0.0891145564519622,0.12471696882063635,0.07714317397647051,0.21349245664708064,0.7900034521074559,c260c6a3a97ad6b0d7ff292f25485b02,0.00011816425215993577,-9.043434933930152,0.00931788468699324,-4.67581964095996,0.0
183,0.7529890480101828,0.6545954620396411,0.35141853118507027,0.6344277080185861,0.8105473504380849,0.8877504107578991,0.7348206177615981,0.4358871406443498,298,0.10205580818802862,0.13771181895833706,0.19781643209875693,0.06639979741772016,1.0540546053973698,0.5470243643744395,1e057a8b18df19da06bcc8afbd70f4a9,,,,,1.0
184,0.7529890480101828,0.6545954620396411,0.35141853118507027,0.6344277080185861,0.8105473504380849,0.8877504107578991,0.7348206177615981,0.4358871406443498,78,0.08488201534510782,0.10187811665281997,0.12880733171772688,0.06788591403739569,0.2010267172426204,0.7728662748516162,1e1b795096209f217bfaca9c71e2616e,,,,,0.2361111111111111
185,0.7529890480101828,0.6545954620396411,0.35141853118507027,0.6344277080185861,0.8105473504380849,0.8877504107578991,0.7348206177615981,0.4358871406443498,10,0.14260008374902972,0.09721752333779576,0.11873518188439006,0.06216048439596057,0.19792052555474515,0.6107720034327935,f1b1d71bce30fd6be7a42ab27356ff45,0.0004907020059299327,-7.619673526982066,0.10909894767800664,-2.2155000316707794,0.0
186,0.7633502758074249,0.6882319565569821,0.25838855378542813,0.5971182544544131,0.319534539125092,0.361583724446938,0.7397339388061701,0.705300717851966,298,0.10188943533325404,0.10684666939459228,0.18996068784743095,0.09693220127191582,1.0557610743520636,0.9307854115707191,f54c1ef925d10effd12a351887668783,,,,,1.0
187,0.7633502758074249,0.6882319565569821,0.25838855378542813,0.5971182544544131,0.319534539125092,0.361583724446938,0.7397339388061701,0.705300717851966,78,0.08986437587719646,0.0878087856158146,0.13642227422577052,0.09191996613857834,0.20655169787659425,1.0928490871631666,2adb71e1551e57710da4a5a48161cdb9,,,,,0.2361111111111111
188,0.7633502758074249,0.6882319565569821,0.25838855378542813,0.5971182544544131,0.319534539125092,0.361583724446938,0.7397339388061701,0.705300717851966,10,0.13425244271599898,0.07077046812197255,0.10436096935671266,0.055249287862753724,0.19976519843710325,0.2692495102569883,980d9c60223be72ac9cc39b2372b6314,0.00024554572195012453,-8.31202738794753,0.0963703638419986,-2.3395565536565384,0.0
189,0.7651136804193683,0.6902896467154639,0.43751111109979385,0.51919192680761,0.9349605851836469,0.643777833996724,0.710028376821789,0.5784299016157871,298,0.10073579555732773,0.13088538459709853,0.18989447054230285,0.07058620651755693,1.053793219069579,0.5571096560861928,317cbd284affd31c31c9fc03eee94933,,,,,1.0
190,0.7651136804193683,0.6902896467154639,0.43751111109979385,0.51919192680761,0.9349605851836469,0.643777833996724,0.710028376821789,0.5784299016157871,78,0.08751290939242222,0.09533532699422613,0.1259502150777425,0.07969049179061835,0.20410046839348814,1.030432943906435,37b206e532846b922a0fc5a46996f447,,,,,0.2361111111111111
191,0.7651136804193683,0.6902896467154639,0.43751111109979385,0.51919192680761,0.9349605851836469,0.643777833996724,0.710028376821789,0.5784299016157871,10,0.12839744260914154,0.07911744495708771,0.09968983716582457,0.03255552423249891,0.1933855270596327,0.2339349842490247,d8fa32ddf35cf79a8831d75f8c88695d,0.00047289393434990496,-7.656639434892992,0.05038557291800316,-2.9880503965095526,0.0
192,0.767969478526239,0.638206793875631,0.2732010504361881,0.5716406794141128,0.763116609468984,0.7246977042084519,0.9894745475565342,0.49289542329624697,298,0.10997123738682764,0.12816027738177865,0.2187156948854905,0.09178219739187662,1.0545605684293171,0.9537691455945492,80eceb747d6d9a8d931be0aca79dcb11,,,,,1.0
193,0.767969478526239,0.638206793875631,0.2732010504361881,0.5716406794141128,0.763116609468984,0.7246977042084519,0.9894745475565342,0.49289542329624697,78,0.1121266172591075,0.11164903891814698,0.15300050647786154,0.112604195600068,0.2123883917862016,1.3346168786264352,43160e4fe6916badd6786309e0b0abd1,,,,,0.2361111111111111
194,0.767969478526239,0.638206793875631,0.2732010504361881,0.5716406794141128,0.763116609468984,0.7246977042084519,0.9894745475565342,0.49289542329624697,10,0.13788077920133476,0.07949190316124702,0.11314679324474065,0.0594082009615278,0.1968301287279025,0.5828470338869258,1e2338bd1ce6ea308186ea6583aeda0e,0.00024967532014996685,-8.295349203569081,0.015104158293013368,-4.192785189429104,0.0
195,0.774847136703098,0.6823153096405821,0.4900342999563669,0.46730675546742884,0.4477404717372381,0.597324302716328,0.49146283813859915,0.790358467932175,298,0.11585397174967725,0.1208732494237646,0.20047480432463385,0.1108346940755899,1.0580399688912523,1.196074492662783,7f446ccd56cbb4b35065201aa7a37d9d,,,,,1.0
196,0.774847136703098,0.6823153096405821,0.4900342999563669,0.46730675546742884,0.4477404717372381,0.597324302716328,0.49146283813859915,0.790358467932175,78,0.1111254770900538,0.10706951503759624,0.14253746512705862,0.11518143914251135,0.21966976626801293,1.4252962965590037,54a095233a582bec3d30cc2d91f082a3,,,,,0.2361111111111111
197,0.774847136703098,0.6823153096405821,0.4900342999563669,0.46730675546742884,0.4477404717372381,0.597324302716328,0.49146283813859915,0.790358467932175,10,0.1343784807472832,0.06287321189406184,0.09926231038942003,0.06160865587142606,0.205563424537416,0.5964598843436245,6c59bc01ef0a7a64e163e913acbbb314,0.0005249371545699155,-7.5522320081190495,0.09896839772798673,-2.31295469467628,0.0
198,0.8457414233420684,0.6055100550405479,0.4546098537167189,0.5318182187650603,0.260156928800042,0.9716265664042472,0.6131530074801961,0.8955367052368179,298,0.10991606042736092,0.1202845987993406,0.17261200249487002,0.09954752205538124,1.0535310841490948,1.042499028949855,fd5bda1894f38972dc71aaec0649f8b2,,,,,1.0
199,0.8457414233420684,0.6055100550405479,0.4546098537167189,0.5318182187650603,0.260156928800042,0.9716265664042472,0.6131530074801961,0.8955367052368179,78,0.1074456401192332,0.10671310102285386,0.14084189769753613,0.1081781792156125,0.22622131751520946,1.4982006365482925,daf3ebfb9109261f9b96ece09f13a60e,,,,,0.2361111111111111
200,0.8457414233420684,0.6055100550405479,0.4546098537167189,0.5318182187650603,0.260156928800042,0.9716265664042472,0.6131530074801961,0.8955367052368179,10,0.1476716559418992,0.09067587984200652,0.11718340996575775,0.07041644981488437,0.21172264747476752,0.8539747227396149,2b23362b8840ecec6fa07f728d8bfd08,0.0001329822476499043,-8.925294914967788,0.02605266380800231,-3.647635258505817,0.0
201,0.857001836126897,0.738952018059929,0.5002848252285547,0.516447221911325,0.39940553443690213,0.41521416790475896,0.7038911273988259,0.474567048492112,298,0.12766750155464526,0.15192946499490625,0.1949352364667092,0.10340553811438426,1.053761029935007,1.1006457335267208,99f0e7417b81a9e0bdcafb3f72ac3492,,,,,1.0
202,0.857001836126897,0.738952018059929,0.5002848252285547,0.516447221911325,0.39940553443690213,0.41521416790475896,0.7038911273988259,0.474567048492112,78,0.11067903416492804,0.11236383179419747,0.14156088250721793,0.10899423653565862,0.22210195220201664,1.542410969973154,cd24cab41a79bd8fa32dd967cc97808c,,,,,0.2361111111111111
203,0.857001836126897,0.738952018059929,0.5002848252285547,0.516447221911325,0.39940553443690213,0.41521416790475896,0.7038911273988259,0.474567048492112,10,0.14725292636522355,0.0979622280271555,0.11938261760536388,0.06796170645595802,0.20726871468691666,0.8148760856631576,1993be1af0b2d35485953d547b76723c,0.00011006361496002093,-9.114452041514788,0.026085741760994097,-3.6463664066079216,0.0
204,0.8723560849911669,0.62315247074709,0.42642579418586674,0.4880479937319462,0.9767282725801172,0.9592923764737952,0.753314816608793,0.6432845077159771,298,0.11158167735740887,0.15010255479679424,0.21507178611332944,0.0730607999180235,1.046266911719067,0.601929792208765,e3439150e4ebb570a722d1ebc497258c,,,,,1.0
205,0.8723560849911669,0.62315247074709,0.42642579418586674,0.4880479937319462,0.9767282725801172,0.9592923764737952,0.753314816608793,0.6432845077159771,78,0.11315024383885265,0.11909238810192105,0.145948000644181,0.1072080995757842,0.2092002321102424,1.500421039675487,9aafb90ac642ade0080428845f636504,,,,,0.2361111111111111
206,0.8723560849911669,0.62315247074709,0.42642579418586674,0.4880479937319462,0.9767282725801172,0.9592923764737952,0.753314816608793,0.6432845077159771,10,0.1394024503988049,0.0956582310037874,0.116366651657681,0.0508908308853212,0.195502208867054,0.6889875167597331,f9d362c96c5d275f082b664e6e8d1fec,0.00029439670483988323,-8.130582363971502,0.06536809186599157,-2.7277210315343066,0.0
207,0.9503575501516819,0.68489991278989,0.46094070305134754,0.41817097564385597,0.19146333727015596,0.615311853078531,0.907506868773541,0.913152468380407,298,0.1155049273217984,0.12190742227494135,0.1896627794739518,0.10910243236865548,1.052622739197759,1.2501064094400451,59e7dfb1d01d83566cca058b89c3a8d8,,,,,1.0
208,0.9503575501516819,0.68489991278989,0.46094070305134754,0.41817097564385597,0.19146333727015596,0.615311853078531,0.907506868773541,0.913152468380407,78,0.11549282314564505,0.11145768125550327,0.14042506412150585,0.11952796503578678,0.22370154094500302,1.6174445130030581,42000ef2f83472e3d4afb8042bd4788d,,,,,0.2361111111111111
209,0.9503575501516819,0.68489991278989,0.46094070305134754,0.41817097564385597,0.19146333727015596,0.615311853078531,0.907506868773541,0.913152468380407,10,0.1347470949656878,0.06564955940857505,0.09719022921219833,0.06354049474159104,0.20737999466447965,0.7886630687012249,f79d6a5703a6e81ea40c0b4796fe7587,7.38703322600287e-05,-9.513199268531638,0.020305283389006945,-3.8968741613292543,0.0
